symbol_id,unique_protein_id,interacting_RNA,cell_line,hour,species,study
CNBP,P62633,genomic,Huh7,24,homo sapien,Schmidt
nsp6,-,genomic,Huh7,24,Severe acute respiratory syndrome coronavirus 2,Schmidt
PABPC4,Q13310,genomic,Huh7,24,homo sapien,Schmidt
nsp15,-,genomic,Huh7,24,Severe acute respiratory syndrome coronavirus 2,Schmidt
YBX3,P16989,genomic,Huh7,24,homo sapien,Schmidt
N,-,genomic,Huh7,24,Severe acute respiratory syndrome coronavirus 2,Schmidt
S,-,genomic,Huh7,24,Severe acute respiratory syndrome coronavirus 2,Schmidt
YTHDF2,Q9Y5A9,genomic,Huh7,24,homo sapien,Schmidt
LARP4,Q71RC2,genomic,Huh7,24,homo sapien,Schmidt
CAPRIN1,Q14444,genomic,Huh7,24,homo sapien,Schmidt
ORF3a,-,genomic,Huh7,24,Severe acute respiratory syndrome coronavirus 2,Schmidt
LIN28B,Q6ZN17,genomic,Huh7,24,homo sapien,Schmidt
STIP1,P31948,genomic,Huh7,24,homo sapien,Schmidt
YBX1,P67809,genomic,Huh7,24,homo sapien,Schmidt
PUM1,Q14671,genomic,Huh7,24,homo sapien,Schmidt
A1CF,Q9NQ94,genomic,Huh7,24,homo sapien,Schmidt
RAB6D,Q53S08,genomic,Huh7,24,homo sapien,Schmidt
RTCB,Q9Y3I0,genomic,Huh7,24,homo sapien,Schmidt
G3BP2,Q9UN86,genomic,Huh7,24,homo sapien,Schmidt
SYNCRIP,O60506,genomic,Huh7,24,homo sapien,Schmidt
nsp12,-,genomic,Huh7,24,Severe acute respiratory syndrome coronavirus 2,Schmidt
PABPC1,P11940,genomic,Huh7,24,homo sapien,Schmidt
nsp16,-,genomic,Huh7,24,Severe acute respiratory syndrome coronavirus 2,Schmidt
M,-,genomic,Huh7,24,Severe acute respiratory syndrome coronavirus 2,Schmidt
SND1,Q7KZF4,genomic,Huh7,24,homo sapien,Schmidt
UPF1,Q92900,genomic,Huh7,24,homo sapien,Schmidt
EIF4B,P23588,genomic,Huh7,24,homo sapien,Schmidt
nsp9,-,genomic,Huh7,24,Severe acute respiratory syndrome coronavirus 2,Schmidt
RAB6A,P20340,genomic,Huh7,24,homo sapien,Schmidt
PPP1CC,P36873,genomic,Huh7,24,homo sapien,Schmidt
CSDE1,O75534,genomic,Huh7,24,homo sapien,Schmidt
MOV10,Q9HCE1,genomic,Huh7,24,homo sapien,Schmidt
RPL6,Q02878,genomic,Huh7,24,homo sapien,Schmidt
EIF4H,Q15056,genomic,Huh7,24,homo sapien,Schmidt
RPS2,P15880,genomic,Huh7,24,homo sapien,Schmidt
RBMS2,Q15434,genomic,Huh7,24,homo sapien,Schmidt
RPS10,P46783,genomic,Huh7,24,homo sapien,Schmidt
DDX3X,O00571,genomic,Huh7,24,homo sapien,Schmidt
SCFD1,Q8WVM8,genomic,Huh7,24,homo sapien,Schmidt
RPS14,P62263,genomic,Huh7,24,homo sapien,Schmidt
ACTR2,P61160,genomic,Huh7,24,homo sapien,Schmidt
CFL1,P23528,genomic,Huh7,24,homo sapien,Schmidt
EIF3E,P60228,genomic,Huh7,24,homo sapien,Schmidt
STRAP,Q9Y3F4,genomic,Huh7,24,homo sapien,Schmidt
LSM14A,Q8ND56,genomic,Huh7,24,homo sapien,Schmidt
HNRNPA1,P09651,genomic,Huh7,24,homo sapien,Schmidt
SHFL,Q9NUL5,genomic,Huh7,24,homo sapien,Schmidt
USO1,O60763,genomic,Huh7,24,homo sapien,Schmidt
IGF2BP2,Q9Y6M1,genomic,Huh7,24,homo sapien,Schmidt
ANXA1,P04083,genomic,Huh7,24,homo sapien,Schmidt
RPL15,P61313,genomic,Huh7,24,homo sapien,Schmidt
HDLBP,Q00341,genomic,Huh7,24,homo sapien,Schmidt
DDX1,Q92499,genomic,Huh7,24,homo sapien,Schmidt
PPP1CB,P62140,genomic,Huh7,24,homo sapien,Schmidt
RPL13,P26373,genomic,Huh7,24,homo sapien,Schmidt
RPS3,P23396,genomic,Huh7,24,homo sapien,Schmidt
EIF5A,P63241,genomic,Huh7,24,homo sapien,Schmidt
AKR1A1,P14550,genomic,VeroE6,24,homo sapien,Flynn
AKR1A1,P14550,genomic,VeroE6,48,homo sapien,Flynn
ALDH1A1,P00352,genomic,Huh7.5,48,homo sapien,Flynn
ALDH1A1,P00352,genomic,VeroE6,48,homo sapien,Flynn
ALYREF,Q86V81,genomic,VeroE6,24,homo sapien,Flynn
ALYREF,Q86V81,genomic,VeroE6,48,homo sapien,Flynn
ANXA1,P04083,genomic,VeroE6,24,homo sapien,Flynn
ANXA1,P04083,genomic,VeroE6,48,homo sapien,Flynn
ANXA11,P50995,genomic,VeroE6,48,homo sapien,Flynn
ANXA4,P09525,genomic,Huh7.5,48,homo sapien,Flynn
ANXA4,P09525,genomic,VeroE6,24,homo sapien,Flynn
ANXA4,P09525,genomic,VeroE6,48,homo sapien,Flynn
ANXA5,P08758,genomic,Huh7.5,48,homo sapien,Flynn
ANXA5,P08758,genomic,VeroE6,48,homo sapien,Flynn
APEX1,P27695,genomic,Huh7.5,24,homo sapien,Flynn
APEX1,P27695,genomic,Huh7.5,48,homo sapien,Flynn
BCLAF1,Q9NYF8,genomic,VeroE6,24,homo sapien,Flynn
CAD,P27708,genomic,VeroE6,24,homo sapien,Flynn
CAD,P27708,genomic,VeroE6,48,homo sapien,Flynn
CAPG,P40121,genomic,VeroE6,48,homo sapien,Flynn
CAPZB,P47756,genomic,Huh7.5,24,homo sapien,Flynn
CAPZB,P47756,genomic,Huh7.5,48,homo sapien,Flynn
CCAR2,Q8N163,genomic,Huh7.5,48,homo sapien,Flynn
CCAR2,Q8N163,genomic,VeroE6,24,homo sapien,Flynn
CCAR2,Q8N163,genomic,VeroE6,48,homo sapien,Flynn
CELF1,Q92879,genomic,VeroE6,24,homo sapien,Flynn
CELF1,Q92879,genomic,VeroE6,48,homo sapien,Flynn
CHTOP,Q9Y3Y2,genomic,VeroE6,24,homo sapien,Flynn
CIRBP,Q14011,genomic,VeroE6,24,homo sapien,Flynn
CNBP,P62633,genomic,Huh7.5,48,homo sapien,Flynn
CNBP,P62633,genomic,VeroE6,24,homo sapien,Flynn
CNBP,P62633,genomic,VeroE6,48,homo sapien,Flynn
CORO1C,Q9ULV4,genomic,VeroE6,24,homo sapien,Flynn
CORO1C,Q9ULV4,genomic,VeroE6,48,homo sapien,Flynn
CPSF7,Q8N684,genomic,Huh7.5,48,homo sapien,Flynn
CPSF7,Q8N684,genomic,VeroE6,24,homo sapien,Flynn
CSE1L,P55060,genomic,VeroE6,24,homo sapien,Flynn
DAZAP1,Q96EP5,genomic,Huh7.5,24,homo sapien,Flynn
DAZAP1,Q96EP5,genomic,Huh7.5,48,homo sapien,Flynn
DAZAP1,Q96EP5,genomic,VeroE6,24,homo sapien,Flynn
DAZAP1,Q96EP5,genomic,VeroE6,48,homo sapien,Flynn
DCXR,Q7Z4W1,genomic,Huh7.5,24,homo sapien,Flynn
DDX1,Q92499,genomic,VeroE6,48,homo sapien,Flynn
DDX17,Q92841,genomic,Huh7.5,24,homo sapien,Flynn
DDX17,Q92841,genomic,Huh7.5,48,homo sapien,Flynn
DDX17,Q92841,genomic,VeroE6,24,homo sapien,Flynn
DDX17,Q92841,genomic,VeroE6,48,homo sapien,Flynn
DDX39A,O00148,genomic,Huh7.5,48,homo sapien,Flynn
DDX39A,O00148,genomic,VeroE6,24,homo sapien,Flynn
DDX39B,Q13838,genomic,Huh7.5,24,homo sapien,Flynn
DDX39B,Q13838,genomic,Huh7.5,48,homo sapien,Flynn
DDX39B,Q13838,genomic,VeroE6,24,homo sapien,Flynn
DDX39B,Q13838,genomic,VeroE6,48,homo sapien,Flynn
DDX5,P17844,genomic,Huh7.5,24,homo sapien,Flynn
DDX5,P17844,genomic,Huh7.5,48,homo sapien,Flynn
DDX5,P17844,genomic,VeroE6,24,homo sapien,Flynn
DDX5,P17844,genomic,VeroE6,48,homo sapien,Flynn
DDX6,P26196,genomic,Huh7.5,24,homo sapien,Flynn
DDX6,P26196,genomic,Huh7.5,48,homo sapien,Flynn
DDX6,P26196,genomic,VeroE6,24,homo sapien,Flynn
DDX6,P26196,genomic,VeroE6,48,homo sapien,Flynn
DHX9,Q08211,genomic,Huh7.5,48,homo sapien,Flynn
DHX9,Q08211,genomic,VeroE6,24,homo sapien,Flynn
DHX9,Q08211,genomic,VeroE6,48,homo sapien,Flynn
EIF2S1,P05198,genomic,Huh7.5,48,homo sapien,Flynn
EIF2S1,P05198,genomic,VeroE6,48,homo sapien,Flynn
EIF3A,Q14152,genomic,VeroE6,24,homo sapien,Flynn
EIF3A,Q14152,genomic,VeroE6,48,homo sapien,Flynn
EIF3C,Q99613,genomic,VeroE6,24,homo sapien,Flynn
EIF3C,Q99613,genomic,VeroE6,48,homo sapien,Flynn
EIF3G,O75821,genomic,VeroE6,48,homo sapien,Flynn
EIF4A1,P60842,genomic,Huh7.5,48,homo sapien,Flynn
EIF4A1,P60842,genomic,VeroE6,24,homo sapien,Flynn
EIF4A1,P60842,genomic,VeroE6,48,homo sapien,Flynn
EIF4H,Q15056,genomic,Huh7.5,48,homo sapien,Flynn
EIF4H,Q15056,genomic,VeroE6,24,homo sapien,Flynn
EIF4H,Q15056,genomic,VeroE6,48,homo sapien,Flynn
ELAVL1,Q15717,genomic,Huh7.5,24,homo sapien,Flynn
ELAVL1,Q15717,genomic,Huh7.5,48,homo sapien,Flynn
ELAVL1,Q15717,genomic,VeroE6,24,homo sapien,Flynn
ELAVL1,Q15717,genomic,VeroE6,48,homo sapien,Flynn
ENO1,P06733,genomic,VeroE6,48,homo sapien,Flynn
ENO3,P13929,genomic,VeroE6,24,homo sapien,Flynn
ENO3,P13929,genomic,VeroE6,48,homo sapien,Flynn
EWSR1,Q01844,genomic,VeroE6,24,homo sapien,Flynn
EWSR1,Q01844,genomic,VeroE6,48,homo sapien,Flynn
FAM120A,Q9NZB2,genomic,Huh7.5,24,homo sapien,Flynn
FAM120A,Q9NZB2,genomic,Huh7.5,48,homo sapien,Flynn
FAM120A,Q9NZB2,genomic,VeroE6,24,homo sapien,Flynn
FAM120A,Q9NZB2,genomic,VeroE6,48,homo sapien,Flynn
FASN,P49327,genomic,Huh7.5,48,homo sapien,Flynn
FASN,P49327,genomic,VeroE6,48,homo sapien,Flynn
FLNC,Q14315,genomic,VeroE6,48,homo sapien,Flynn
FUBP1,Q96AE4,genomic,Huh7.5,24,homo sapien,Flynn
FUBP1,Q96AE4,genomic,Huh7.5,48,homo sapien,Flynn
FUBP1,Q96AE4,genomic,VeroE6,24,homo sapien,Flynn
FUBP1,Q96AE4,genomic,VeroE6,48,homo sapien,Flynn
FUBP3,Q96I24,genomic,Huh7.5,48,homo sapien,Flynn
FUBP3,Q96I24,genomic,VeroE6,24,homo sapien,Flynn
FUBP3,Q96I24,genomic,VeroE6,48,homo sapien,Flynn
FUS,P35637,genomic,Huh7.5,48,homo sapien,Flynn
FUS,P35637,genomic,VeroE6,24,homo sapien,Flynn
FUS,P35637,genomic,VeroE6,48,homo sapien,Flynn
FXR1,P51114,genomic,Huh7.5,48,homo sapien,Flynn
FXR1,P51114,genomic,VeroE6,24,homo sapien,Flynn
FXR1,P51114,genomic,VeroE6,48,homo sapien,Flynn
G3BP1,Q13283,genomic,Huh7.5,48,homo sapien,Flynn
G3BP1,Q13283,genomic,VeroE6,24,homo sapien,Flynn
G3BP1,Q13283,genomic,VeroE6,48,homo sapien,Flynn
G3BP2,Q9UN86,genomic,Huh7.5,48,homo sapien,Flynn
G3BP2,Q9UN86,genomic,VeroE6,24,homo sapien,Flynn
G3BP2,Q9UN86,genomic,VeroE6,48,homo sapien,Flynn
GPI,P06744,genomic,Huh7.5,48,homo sapien,Flynn
GPI,P06744,genomic,VeroE6,48,homo sapien,Flynn
GSTP1,P09211,genomic,Huh7.5,24,homo sapien,Flynn
GSTP1,P09211,genomic,Huh7.5,48,homo sapien,Flynn
HDGF,P51858,genomic,Huh7.5,24,homo sapien,Flynn
HDGF,P51858,genomic,Huh7.5,48,homo sapien,Flynn
HDLBP,Q00341,genomic,Huh7.5,24,homo sapien,Flynn
HDLBP,Q00341,genomic,Huh7.5,48,homo sapien,Flynn
HDLBP,Q00341,genomic,VeroE6,24,homo sapien,Flynn
HDLBP,Q00341,genomic,VeroE6,48,homo sapien,Flynn
HNRNPA0,Q13151,genomic,Huh7.5,24,homo sapien,Flynn
HNRNPA0,Q13151,genomic,Huh7.5,48,homo sapien,Flynn
HNRNPA0,Q13151,genomic,VeroE6,24,homo sapien,Flynn
HNRNPA0,Q13151,genomic,VeroE6,48,homo sapien,Flynn
HNRNPA1,P09651,genomic,Huh7.5,24,homo sapien,Flynn
HNRNPA1,P09651,genomic,Huh7.5,48,homo sapien,Flynn
HNRNPA1,P09651,genomic,VeroE6,24,homo sapien,Flynn
HNRNPA1,P09651,genomic,VeroE6,48,homo sapien,Flynn
HNRNPA2B1,P22626,genomic,Huh7.5,24,homo sapien,Flynn
HNRNPA2B1,P22626,genomic,Huh7.5,48,homo sapien,Flynn
HNRNPA3,P51991,genomic,Huh7.5,24,homo sapien,Flynn
HNRNPA3,P51991,genomic,Huh7.5,48,homo sapien,Flynn
HNRNPAB,Q99729,genomic,Huh7.5,24,homo sapien,Flynn
HNRNPAB,Q99729,genomic,Huh7.5,48,homo sapien,Flynn
HNRNPC,P07910,genomic,Huh7.5,24,homo sapien,Flynn
HNRNPC,P07910,genomic,Huh7.5,48,homo sapien,Flynn
HNRNPC,P07910,genomic,VeroE6,24,homo sapien,Flynn
HNRNPC,P07910,genomic,VeroE6,48,homo sapien,Flynn
HNRNPD,Q14103,genomic,Huh7.5,48,homo sapien,Flynn
HNRNPD,Q14103,genomic,VeroE6,24,homo sapien,Flynn
HNRNPD,Q14103,genomic,VeroE6,48,homo sapien,Flynn
HNRNPDL,O14979,genomic,Huh7.5,48,homo sapien,Flynn
HNRNPDL,O14979,genomic,VeroE6,24,homo sapien,Flynn
HNRNPDL,O14979,genomic,VeroE6,48,homo sapien,Flynn
HNRNPF,P52597,genomic,Huh7.5,24,homo sapien,Flynn
HNRNPF,P52597,genomic,Huh7.5,48,homo sapien,Flynn
HNRNPH1,P31943,genomic,Huh7.5,24,homo sapien,Flynn
HNRNPH1,P31943,genomic,Huh7.5,48,homo sapien,Flynn
HNRNPH1,P31943,genomic,VeroE6,24,homo sapien,Flynn
HNRNPH1,P31943,genomic,VeroE6,48,homo sapien,Flynn
HNRNPH2,P55795,genomic,VeroE6,24,homo sapien,Flynn
HNRNPH2,P55795,genomic,VeroE6,48,homo sapien,Flynn
HNRNPH3,P31942,genomic,Huh7.5,24,homo sapien,Flynn
HNRNPH3,P31942,genomic,Huh7.5,48,homo sapien,Flynn
HNRNPK,P61978,genomic,Huh7.5,24,homo sapien,Flynn
HNRNPK,P61978,genomic,Huh7.5,48,homo sapien,Flynn
HNRNPL,P14866,genomic,Huh7.5,24,homo sapien,Flynn
HNRNPL,P14866,genomic,Huh7.5,48,homo sapien,Flynn
HNRNPL,P14866,genomic,VeroE6,24,homo sapien,Flynn
HNRNPL,P14866,genomic,VeroE6,48,homo sapien,Flynn
HNRNPM,P52272,genomic,Huh7.5,24,homo sapien,Flynn
HNRNPM,P52272,genomic,Huh7.5,48,homo sapien,Flynn
HNRNPM,P52272,genomic,VeroE6,24,homo sapien,Flynn
HNRNPM,P52272,genomic,VeroE6,48,homo sapien,Flynn
HNRNPR,O43390,genomic,Huh7.5,24,homo sapien,Flynn
HNRNPR,O43390,genomic,Huh7.5,48,homo sapien,Flynn
HNRNPR,O43390,genomic,VeroE6,24,homo sapien,Flynn
HNRNPR,O43390,genomic,VeroE6,48,homo sapien,Flynn
HNRNPU,Q00839,genomic,Huh7.5,48,homo sapien,Flynn
HNRNPU,Q00839,genomic,VeroE6,24,homo sapien,Flynn
HNRNPU,Q00839,genomic,VeroE6,48,homo sapien,Flynn
HNRNPUL1,Q9BUJ2,genomic,Huh7.5,48,homo sapien,Flynn
HNRNPUL1,Q9BUJ2,genomic,VeroE6,24,homo sapien,Flynn
IGF2BP1,Q9NZI8,genomic,Huh7.5,24,homo sapien,Flynn
IGF2BP1,Q9NZI8,genomic,Huh7.5,48,homo sapien,Flynn
IGF2BP2,Q9Y6M1,genomic,Huh7.5,48,homo sapien,Flynn
IGF2BP2,Q9Y6M1,genomic,VeroE6,24,homo sapien,Flynn
IGF2BP2,Q9Y6M1,genomic,VeroE6,48,homo sapien,Flynn
IGF2BP3,O00425,genomic,Huh7.5,24,homo sapien,Flynn
IGF2BP3,O00425,genomic,Huh7.5,48,homo sapien,Flynn
IGF2BP3,O00425,genomic,VeroE6,24,homo sapien,Flynn
IGF2BP3,O00425,genomic,VeroE6,48,homo sapien,Flynn
ILF3,Q12906,genomic,Huh7.5,48,homo sapien,Flynn
ILF3,Q12906,genomic,VeroE6,48,homo sapien,Flynn
KHDRBS1,Q07666,genomic,Huh7.5,24,homo sapien,Flynn
KHDRBS1,Q07666,genomic,Huh7.5,48,homo sapien,Flynn
KHDRBS1,Q07666,genomic,VeroE6,24,homo sapien,Flynn
KHDRBS1,Q07666,genomic,VeroE6,48,homo sapien,Flynn
KHSRP,Q92945,genomic,Huh7.5,24,homo sapien,Flynn
KHSRP,Q92945,genomic,Huh7.5,48,homo sapien,Flynn
KHSRP,Q92945,genomic,VeroE6,24,homo sapien,Flynn
KHSRP,Q92945,genomic,VeroE6,48,homo sapien,Flynn
KIF5B,P33176,genomic,VeroE6,48,homo sapien,Flynn
L1RE1,Q9UN81,genomic,Huh7.5,24,homo sapien,Flynn
L1RE1,Q9UN81,genomic,Huh7.5,48,homo sapien,Flynn
LASP1,Q14847,genomic,VeroE6,24,homo sapien,Flynn
LASP1,Q14847,genomic,VeroE6,48,homo sapien,Flynn
LIN28B,Q6ZN17,genomic,Huh7.5,24,homo sapien,Flynn
LIN28B,Q6ZN17,genomic,Huh7.5,48,homo sapien,Flynn
LSG1,Q9H089,genomic,Huh7.5,48,homo sapien,Flynn
LSG1,Q9H089,genomic,VeroE6,48,homo sapien,Flynn
MATR3,P43243,genomic,Huh7.5,24,homo sapien,Flynn
MATR3,P43243,genomic,Huh7.5,48,homo sapien,Flynn
MOV10,Q9HCE1,genomic,Huh7.5,48,homo sapien,Flynn
MOV10,Q9HCE1,genomic,VeroE6,24,homo sapien,Flynn
MOV10,Q9HCE1,genomic,VeroE6,48,homo sapien,Flynn
NAP1L4,Q99733,genomic,VeroE6,48,homo sapien,Flynn
NCL,P19338,genomic,Huh7.5,48,homo sapien,Flynn
NCL,P19338,genomic,VeroE6,24,homo sapien,Flynn
NCOA5,Q9HCD5,genomic,Huh7.5,48,homo sapien,Flynn
NCOA5,Q9HCD5,genomic,VeroE6,24,homo sapien,Flynn
NPM1,P06748,genomic,VeroE6,24,homo sapien,Flynn
NPM1,P06748,genomic,VeroE6,48,homo sapien,Flynn
PABPC1,P11940,genomic,Huh7.5,24,homo sapien,Flynn
PABPC1,P11940,genomic,Huh7.5,48,homo sapien,Flynn
PABPC1,P11940,genomic,VeroE6,24,homo sapien,Flynn
PABPC1,P11940,genomic,VeroE6,48,homo sapien,Flynn
PABPC4,Q13310,genomic,Huh7.5,48,homo sapien,Flynn
PABPC4,Q13310,genomic,VeroE6,24,homo sapien,Flynn
PABPC4,Q13310,genomic,VeroE6,48,homo sapien,Flynn
PABPN1,Q86U42,genomic,Huh7.5,48,homo sapien,Flynn
PABPN1,Q86U42,genomic,VeroE6,24,homo sapien,Flynn
PABPN1,Q86U42,genomic,VeroE6,48,homo sapien,Flynn
PCBP1,Q15365,genomic,Huh7.5,48,homo sapien,Flynn
PCBP1,Q15365,genomic,VeroE6,24,homo sapien,Flynn
PCBP1,Q15365,genomic,VeroE6,48,homo sapien,Flynn
PDIA6,Q15084,genomic,VeroE6,48,homo sapien,Flynn
PLEC,Q15149,genomic,VeroE6,48,homo sapien,Flynn
PNN,Q9H307,genomic,VeroE6,24,homo sapien,Flynn
POLDIP3,Q9BY77,genomic,Huh7.5,48,homo sapien,Flynn
POLDIP3,Q9BY77,genomic,VeroE6,24,homo sapien,Flynn
POLDIP3,Q9BY77,genomic,VeroE6,48,homo sapien,Flynn
PPP1CA,P62136,genomic,Huh7.5,48,homo sapien,Flynn
PPP1CA,P62136,genomic,VeroE6,24,homo sapien,Flynn
PPP1CA,P62136,genomic,VeroE6,48,homo sapien,Flynn
PPP1CB,P62140,genomic,Huh7.5,48,homo sapien,Flynn
PPP1CB,P62140,genomic,VeroE6,24,homo sapien,Flynn
PPP1CB,P62140,genomic,VeroE6,48,homo sapien,Flynn
PPP1CC,P36873,genomic,Huh7.5,48,homo sapien,Flynn
PPP1CC,P36873,genomic,VeroE6,48,homo sapien,Flynn
PRKDC,P78527,genomic,VeroE6,24,homo sapien,Flynn
PRKDC,P78527,genomic,VeroE6,48,homo sapien,Flynn
PSPC1,Q8WXF1,genomic,VeroE6,24,homo sapien,Flynn
PSPC1,Q8WXF1,genomic,VeroE6,48,homo sapien,Flynn
PTBP1,P26599,genomic,Huh7.5,24,homo sapien,Flynn
PTBP1,P26599,genomic,Huh7.5,48,homo sapien,Flynn
PTBP1,P26599,genomic,VeroE6,24,homo sapien,Flynn
PTBP1,P26599,genomic,VeroE6,48,homo sapien,Flynn
PTBP3,O95758,genomic,Huh7.5,48,homo sapien,Flynn
PTBP3,O95758,genomic,VeroE6,24,homo sapien,Flynn
PTBP3,O95758,genomic,VeroE6,48,homo sapien,Flynn
PUM1,Q14671,genomic,VeroE6,24,homo sapien,Flynn
PUM1,Q14671,genomic,VeroE6,48,homo sapien,Flynn
PURA,Q00577,genomic,Huh7.5,24,homo sapien,Flynn
PURA,Q00577,genomic,Huh7.5,48,homo sapien,Flynn
PURA,Q00577,genomic,VeroE6,24,homo sapien,Flynn
PURA,Q00577,genomic,VeroE6,48,homo sapien,Flynn
PYCR2,Q96C36,genomic,Huh7.5,24,homo sapien,Flynn
QKI,Q96PU8,genomic,Huh7.5,48,homo sapien,Flynn
QKI,Q96PU8,genomic,VeroE6,24,homo sapien,Flynn
RACK1,P63244,genomic,Huh7.5,24,homo sapien,Flynn
RACK1,P63244,genomic,Huh7.5,48,homo sapien,Flynn
RALY,Q9UKM9,genomic,Huh7.5,24,homo sapien,Flynn
RALY,Q9UKM9,genomic,Huh7.5,48,homo sapien,Flynn
RALY,Q9UKM9,genomic,VeroE6,24,homo sapien,Flynn
RALY,Q9UKM9,genomic,VeroE6,48,homo sapien,Flynn
RBM12B,Q8IXT5,genomic,VeroE6,24,homo sapien,Flynn
RBM12B,Q8IXT5,genomic,VeroE6,48,homo sapien,Flynn
RBM4B,Q9BQ04,genomic,Huh7.5,48,homo sapien,Flynn
RBM4B,Q9BQ04,genomic,VeroE6,24,homo sapien,Flynn
RBMX,P38159,genomic,Huh7.5,24,homo sapien,Flynn
RBMX,P38159,genomic,Huh7.5,48,homo sapien,Flynn
RNH1,P13489,genomic,VeroE6,24,homo sapien,Flynn
RNH1,P13489,genomic,VeroE6,48,homo sapien,Flynn
RPL15,P61313,genomic,Huh7.5,24,homo sapien,Flynn
RPL15,P61313,genomic,Huh7.5,48,homo sapien,Flynn
RPL24,P83731,genomic,Huh7.5,24,homo sapien,Flynn
RPL8,P62917,genomic,Huh7.5,24,homo sapien,Flynn
RPL8,P62917,genomic,Huh7.5,48,homo sapien,Flynn
RPS14,P62263,genomic,Huh7.5,24,homo sapien,Flynn
RPS14,P62263,genomic,Huh7.5,48,homo sapien,Flynn
RPS4X,P62701,genomic,Huh7.5,24,homo sapien,Flynn
RPS4X,P62701,genomic,Huh7.5,48,homo sapien,Flynn
RPS4X,P62701,genomic,VeroE6,24,homo sapien,Flynn
RPS4X,P62701,genomic,VeroE6,48,homo sapien,Flynn
RRBP1,Q9P2E9,genomic,Huh7.5,24,homo sapien,Flynn
RRBP1,Q9P2E9,genomic,Huh7.5,48,homo sapien,Flynn
RRBP1,Q9P2E9,genomic,VeroE6,24,homo sapien,Flynn
RTCB,Q9Y3I0,genomic,Huh7.5,48,homo sapien,Flynn
RTCB,Q9Y3I0,genomic,VeroE6,48,homo sapien,Flynn
SAFB,Q15424,genomic,VeroE6,24,homo sapien,Flynn
SAFB,Q15424,genomic,VeroE6,48,homo sapien,Flynn
SAFB2,Q14151,genomic,VeroE6,24,homo sapien,Flynn
SAFB2,Q14151,genomic,VeroE6,48,homo sapien,Flynn
SARNP,P82979,genomic,Huh7.5,24,homo sapien,Flynn
SARNP,P82979,genomic,Huh7.5,48,homo sapien,Flynn
SEPTIN2,Q15019,genomic,Huh7.5,48,homo sapien,Flynn
SEPTIN2,Q15019,genomic,VeroE6,48,homo sapien,Flynn
SF1,Q15637,genomic,VeroE6,24,homo sapien,Flynn
SFPQ,P23246,genomic,Huh7.5,24,homo sapien,Flynn
SFPQ,P23246,genomic,Huh7.5,48,homo sapien,Flynn
SFPQ,P23246,genomic,VeroE6,24,homo sapien,Flynn
SFPQ,P23246,genomic,VeroE6,48,homo sapien,Flynn
SLTM,Q9NWH9,genomic,VeroE6,24,homo sapien,Flynn
SLTM,Q9NWH9,genomic,VeroE6,48,homo sapien,Flynn
SND1,Q7KZF4,genomic,Huh7.5,48,homo sapien,Flynn
SND1,Q7KZF4,genomic,VeroE6,24,homo sapien,Flynn
SND1,Q7KZF4,genomic,VeroE6,48,homo sapien,Flynn
SNRNP200,O75643,genomic,VeroE6,24,homo sapien,Flynn
SNRNP200,O75643,genomic,VeroE6,48,homo sapien,Flynn
SQSTM1,Q13501,genomic,VeroE6,24,homo sapien,Flynn
SRSF1,Q07955,genomic,Huh7.5,24,homo sapien,Flynn
SRSF1,Q07955,genomic,Huh7.5,48,homo sapien,Flynn
SRSF1,Q07955,genomic,VeroE6,24,homo sapien,Flynn
SRSF1,Q07955,genomic,VeroE6,48,homo sapien,Flynn
SRSF2,Q01130,genomic,Huh7.5,24,homo sapien,Flynn
SRSF2,Q01130,genomic,Huh7.5,48,homo sapien,Flynn
SRSF2,Q01130,genomic,VeroE6,24,homo sapien,Flynn
SRSF2,Q01130,genomic,VeroE6,48,homo sapien,Flynn
SRSF3,P84103,genomic,Huh7.5,48,homo sapien,Flynn
SRSF3,P84103,genomic,VeroE6,24,homo sapien,Flynn
SRSF6,Q13247,genomic,Huh7.5,24,homo sapien,Flynn
SRSF6,Q13247,genomic,Huh7.5,48,homo sapien,Flynn
SRSF6,Q13247,genomic,VeroE6,24,homo sapien,Flynn
SRSF6,Q13247,genomic,VeroE6,48,homo sapien,Flynn
SRSF7,Q16629,genomic,Huh7.5,24,homo sapien,Flynn
SRSF7,Q16629,genomic,Huh7.5,48,homo sapien,Flynn
SRSF7,Q16629,genomic,VeroE6,24,homo sapien,Flynn
SRSF9,Q13242,genomic,Huh7.5,48,homo sapien,Flynn
SRSF9,Q13242,genomic,VeroE6,24,homo sapien,Flynn
SRSF9,Q13242,genomic,VeroE6,48,homo sapien,Flynn
STAT1,P42224,genomic,VeroE6,24,homo sapien,Flynn
STAT1,P42224,genomic,VeroE6,48,homo sapien,Flynn
SUGP2,Q8IX01,genomic,Huh7.5,48,homo sapien,Flynn
SUGP2,Q8IX01,genomic,VeroE6,24,homo sapien,Flynn
SUGP2,Q8IX01,genomic,VeroE6,48,homo sapien,Flynn
SYNCRIP,O60506,genomic,Huh7.5,48,homo sapien,Flynn
SYNCRIP,O60506,genomic,VeroE6,24,homo sapien,Flynn
SYNCRIP,O60506,genomic,VeroE6,48,homo sapien,Flynn
TAF15,Q92804,genomic,VeroE6,24,homo sapien,Flynn
TAF15,Q92804,genomic,VeroE6,48,homo sapien,Flynn
TARDBP,Q13148,genomic,Huh7.5,24,homo sapien,Flynn
TARDBP,Q13148,genomic,Huh7.5,48,homo sapien,Flynn
THRAP3,Q9Y2W1,genomic,VeroE6,24,homo sapien,Flynn
THRAP3,Q9Y2W1,genomic,VeroE6,48,homo sapien,Flynn
TIA1,P31483,genomic,Huh7.5,24,homo sapien,Flynn
TIA1,P31483,genomic,Huh7.5,48,homo sapien,Flynn
TIA1,P31483,genomic,VeroE6,24,homo sapien,Flynn
TIA1,P31483,genomic,VeroE6,48,homo sapien,Flynn
TIAL1,Q01085,genomic,VeroE6,24,homo sapien,Flynn
TIAL1,Q01085,genomic,VeroE6,48,homo sapien,Flynn
TLN1,Q9Y490,genomic,VeroE6,24,homo sapien,Flynn
TLN1,Q9Y490,genomic,VeroE6,48,homo sapien,Flynn
TNPO1,Q92973,genomic,VeroE6,24,homo sapien,Flynn
TNPO1,Q92973,genomic,VeroE6,48,homo sapien,Flynn
TRA2A,Q13595,genomic,Huh7.5,48,homo sapien,Flynn
TRA2A,Q13595,genomic,VeroE6,24,homo sapien,Flynn
TRA2A,Q13595,genomic,VeroE6,48,homo sapien,Flynn
TRA2B,P62995,genomic,Huh7.5,24,homo sapien,Flynn
TRA2B,P62995,genomic,Huh7.5,48,homo sapien,Flynn
TRA2B,P62995,genomic,VeroE6,24,homo sapien,Flynn
TRA2B,P62995,genomic,VeroE6,48,homo sapien,Flynn
TRIM28,Q13263,genomic,VeroE6,24,homo sapien,Flynn
U2AF2,P26368,genomic,VeroE6,24,homo sapien,Flynn
USO1,O60763,genomic,Huh7.5,48,homo sapien,Flynn
USO1,O60763,genomic,VeroE6,48,homo sapien,Flynn
VIM,P08670,genomic,VeroE6,48,homo sapien,Flynn
XRN2,Q9H0D6,genomic,VeroE6,24,homo sapien,Flynn
XRN2,Q9H0D6,genomic,VeroE6,48,homo sapien,Flynn
YBX1,P67809,genomic,Huh7.5,24,homo sapien,Flynn
YBX1,P67809,genomic,Huh7.5,48,homo sapien,Flynn
YBX3,P16989,genomic,Huh7.5,48,homo sapien,Flynn
YBX3,P16989,genomic,VeroE6,24,homo sapien,Flynn
YBX3,P16989,genomic,VeroE6,48,homo sapien,Flynn
YLPM1,P49750,genomic,VeroE6,24,homo sapien,Flynn
YLPM1,P49750,genomic,VeroE6,48,homo sapien,Flynn
ZC3HAV1,Q7Z2W4,genomic,Huh7.5,48,homo sapien,Flynn
ZC3HAV1,Q7Z2W4,genomic,VeroE6,24,homo sapien,Flynn
ZC3HAV1,Q7Z2W4,genomic,VeroE6,48,homo sapien,Flynn
ZCCHC3,Q9NUD5,genomic,Huh7.5,24,homo sapien,Flynn
ZCCHC3,Q9NUD5,genomic,Huh7.5,48,homo sapien,Flynn
ZFR,Q96KR1,genomic,VeroE6,24,homo sapien,Flynn
ZFR,Q96KR1,genomic,VeroE6,48,homo sapien,Flynn
ZNF326,Q5BKZ1,genomic,Huh7.5,48,homo sapien,Flynn
ZNF326,Q5BKZ1,genomic,VeroE6,24,homo sapien,Flynn
ZNF326,Q5BKZ1,genomic,VeroE6,48,homo sapien,Flynn
ZNF638,Q14966,genomic,Huh7.5,24,homo sapien,Flynn
ZNF638,Q14966,genomic,VeroE6,24,homo sapien,Flynn
ZNF638,Q14966,genomic,VeroE6,48,homo sapien,Flynn
ANO10,Q9NW15,genomic,VeroE6,8,homo sapien,Sherer
ATP2B1,P20020,genomic,VeroE6,8,homo sapien,Sherer
CBX8,Q9HC52,genomic,VeroE6,8,homo sapien,Sherer
CLPP,Q16740,genomic,VeroE6,8,homo sapien,Sherer
CSDE1,O75534,genomic,VeroE6,8,homo sapien,Sherer
DDX50,Q9BQ39,genomic,VeroE6,8,homo sapien,Sherer
DEK,P35659,genomic,VeroE6,8,homo sapien,Sherer
EHHADH,Q08426,genomic,VeroE6,8,homo sapien,Sherer
EIF3B,P55884,genomic,VeroE6,8,homo sapien,Sherer
EIF4G2,P78344,genomic,VeroE6,8,homo sapien,Sherer
ELP3,Q9H9T3,genomic,VeroE6,8,homo sapien,Sherer
FAM136A,Q96C01,genomic,VeroE6,8,homo sapien,Sherer
FAT1,Q14517,genomic,VeroE6,8,homo sapien,Sherer
FLII,Q13045,genomic,VeroE6,8,homo sapien,Sherer
GART,P22102,genomic,VeroE6,8,homo sapien,Sherer
HSPG2,P98160,genomic,VeroE6,8,homo sapien,Sherer
LEMD2,Q8NC56,genomic,VeroE6,8,homo sapien,Sherer
ME2,P23368,genomic,VeroE6,8,homo sapien,Sherer
NCAPD2,Q15021,genomic,VeroE6,8,homo sapien,Sherer
NCLN,Q969V3,genomic,VeroE6,8,homo sapien,Sherer
NOL6,Q9H6R4,genomic,VeroE6,8,homo sapien,Sherer
PPP1R13L,Q8WUF5,genomic,VeroE6,8,homo sapien,Sherer
RBM10,P98175,genomic,VeroE6,8,homo sapien,Sherer
RPS17,P08708,genomic,VeroE6,8,homo sapien,Sherer
SEC23A,Q15436,genomic,VeroE6,8,homo sapien,Sherer
SNX1,Q13596,genomic,VeroE6,8,homo sapien,Sherer
SPRR2E,P22531,genomic,VeroE6,8,homo sapien,Sherer
TIMM50,Q3ZCQ8,genomic,VeroE6,8,homo sapien,Sherer
TMEM245,Q9H330,genomic,VeroE6,8,homo sapien,Sherer
TNPO1,Q92973,genomic,VeroE6,8,homo sapien,Sherer
WDR6,Q9NNW5,genomic,VeroE6,8,homo sapien,Sherer
ACP1,P24666,genomic,VeroE6,24,homo sapien,Sherer
APMAP,Q9HDC9,genomic,VeroE6,24,homo sapien,Sherer
ASCC3,Q8N3C0,genomic,VeroE6,24,homo sapien,Sherer
CAPG,P40121,genomic,VeroE6,24,homo sapien,Sherer
CNBP,P62633,genomic,VeroE6,24,homo sapien,Sherer
CS,O75390,genomic,VeroE6,24,homo sapien,Sherer
DTYMK,P23919,genomic,VeroE6,24,homo sapien,Sherer
GOLM1,Q8NBJ4,genomic,VeroE6,24,homo sapien,Sherer
H1-0,P07305,genomic,VeroE6,24,homo sapien,Sherer
HIP1,O00291,genomic,VeroE6,24,homo sapien,Sherer
HSD17B11,Q8NBQ5,genomic,VeroE6,24,homo sapien,Sherer
MAP1B,P46821,genomic,VeroE6,24,homo sapien,Sherer
MRPL17,Q9NRX2,genomic,VeroE6,24,homo sapien,Sherer
N,P0DTC9,genomic,VeroE6,24,homo sapien,Sherer
NOP58,Q9Y2X3,genomic,VeroE6,24,homo sapien,Sherer
NUP98,P52948,genomic,VeroE6,24,homo sapien,Sherer
OAS3,Q9Y6K5,genomic,VeroE6,24,homo sapien,Sherer
PLCB3,Q01970,genomic,VeroE6,24,homo sapien,Sherer
PLXNB2,O15031,genomic,VeroE6,24,homo sapien,Sherer
PPP1R12A,O14974,genomic,VeroE6,24,homo sapien,Sherer
RAP1A,P62834,genomic,VeroE6,24,homo sapien,Sherer
RBM27,Q9P2N5,genomic,VeroE6,24,homo sapien,Sherer
RPL24,P83731,genomic,VeroE6,24,homo sapien,Sherer
RPTOR,Q8N122,genomic,VeroE6,24,homo sapien,Sherer
STIM1,Q13586,genomic,VeroE6,24,homo sapien,Sherer
TRMT1,Q9NXH9,genomic,VeroE6,24,homo sapien,Sherer
ABCF2,Q9UG63,S,VeroE6,8,homo sapien,Sherer
ACACA,Q13085,S,VeroE6,8,homo sapien,Sherer
ACADS,P16219,S,VeroE6,8,homo sapien,Sherer
ACIN1,Q9UKV3,S,VeroE6,8,homo sapien,Sherer
ACOT9,Q9Y305,S,VeroE6,8,homo sapien,Sherer
AIMP1,Q12904,S,VeroE6,8,homo sapien,Sherer
AKR1A1,P14550,S,VeroE6,8,homo sapien,Sherer
AP3S1,Q92572,S,VeroE6,8,homo sapien,Sherer
BCL2L1,Q07817,S,VeroE6,8,homo sapien,Sherer
BLVRA,P53004,S,VeroE6,8,homo sapien,Sherer
CAPN2,P17655,S,VeroE6,8,homo sapien,Sherer
CLUH,O75153,S,VeroE6,8,homo sapien,Sherer
COL19A1,Q14993,S,VeroE6,8,homo sapien,Sherer
COL1A2,P08123,S,VeroE6,8,homo sapien,Sherer
CRYBG1,Q9Y4K1,S,VeroE6,8,homo sapien,Sherer
EIF1AX,P47813,S,VeroE6,8,homo sapien,Sherer
EIF5B,O60841,S,VeroE6,8,homo sapien,Sherer
ETHE1,O95571,S,VeroE6,8,homo sapien,Sherer
GNAI3,P08754,S,VeroE6,8,homo sapien,Sherer
H1-5,P16401,S,VeroE6,8,homo sapien,Sherer
HGS,O14964,S,VeroE6,8,homo sapien,Sherer
HP1BP3,Q5SSJ5,S,VeroE6,8,homo sapien,Sherer
IGF2BP2,Q9Y6M1,S,VeroE6,8,homo sapien,Sherer
IGHA1,P01876,S,VeroE6,8,homo sapien,Sherer
INTS7,Q9NVH2,S,VeroE6,8,homo sapien,Sherer
KHSRP,Q92945,S,VeroE6,8,homo sapien,Sherer
LIG1,P18858,S,VeroE6,8,homo sapien,Sherer
MAGOH,P61326,S,VeroE6,8,homo sapien,Sherer
MCM3,P25205,S,VeroE6,8,homo sapien,Sherer
MLEC,Q14165,S,VeroE6,8,homo sapien,Sherer
MOB1A,Q9H8S9,S,VeroE6,8,homo sapien,Sherer
MPDZ,O75970,S,VeroE6,8,homo sapien,Sherer
MRPS18A,Q9NVS2,S,VeroE6,8,homo sapien,Sherer
MSH6,P52701,S,VeroE6,8,homo sapien,Sherer
NDUFB4,O95168,S,VeroE6,8,homo sapien,Sherer
NOL11,Q9H8H0,S,VeroE6,8,homo sapien,Sherer
NXF1,Q9UBU9,S,VeroE6,8,homo sapien,Sherer
PABPC1,P11940,S,VeroE6,8,homo sapien,Sherer
PHF6,Q8IWS0,S,VeroE6,8,homo sapien,Sherer
PHGDH,O43175,S,VeroE6,8,homo sapien,Sherer
PHLDB1,Q86UU1,S,VeroE6,8,homo sapien,Sherer
PIP,P12273,S,VeroE6,8,homo sapien,Sherer
PMPCB,O75439,S,VeroE6,8,homo sapien,Sherer
PSMC6,P62333,S,VeroE6,8,homo sapien,Sherer
PSMD1,Q99460,S,VeroE6,8,homo sapien,Sherer
PSMD12,O00232,S,VeroE6,8,homo sapien,Sherer
PUF60,Q9UHX1,S,VeroE6,8,homo sapien,Sherer
RECQL,P46063,S,VeroE6,8,homo sapien,Sherer
RPL22,P35268,S,VeroE6,8,homo sapien,Sherer
RPL26,P61254,S,VeroE6,8,homo sapien,Sherer
RPL27A,P46776,S,VeroE6,8,homo sapien,Sherer
RRM1,P23921,S,VeroE6,8,homo sapien,Sherer
RRP9,O43818,S,VeroE6,8,homo sapien,Sherer
S100A11,P31949,S,VeroE6,8,homo sapien,Sherer
SCAMP1,O15126,S,VeroE6,8,homo sapien,Sherer
SDCBP,O00560,S,VeroE6,8,homo sapien,Sherer
SEC22B,O75396,S,VeroE6,8,homo sapien,Sherer
SFXN1,Q9H9B4,S,VeroE6,8,homo sapien,Sherer
SNX27,Q96L92,S,VeroE6,8,homo sapien,Sherer
SRBD1,Q8N5C6,S,VeroE6,8,homo sapien,Sherer
STRN4,Q9NRL3,S,VeroE6,8,homo sapien,Sherer
TGM1,P22735,S,VeroE6,8,homo sapien,Sherer
TMOD3,Q9NYL9,S,VeroE6,8,homo sapien,Sherer
TNPO2,O14787,S,VeroE6,8,homo sapien,Sherer
TNPO3,Q9Y5L0,S,VeroE6,8,homo sapien,Sherer
UBA52,P62987,S,VeroE6,8,homo sapien,Sherer
UFC1,Q9Y3C8,S,VeroE6,8,homo sapien,Sherer
USP9X,Q93008,S,VeroE6,8,homo sapien,Sherer
UTP20,O75691,S,VeroE6,8,homo sapien,Sherer
VAPA,Q9P0L0,S,VeroE6,8,homo sapien,Sherer
VPS13C,Q709C8,S,VeroE6,8,homo sapien,Sherer
WDR7,Q9Y4E6,S,VeroE6,8,homo sapien,Sherer
ZPR1,O75312,S,VeroE6,8,homo sapien,Sherer
AGK,Q53H12,S,VeroE6,24,homo sapien,Sherer
CANX,P27824,S,VeroE6,24,homo sapien,Sherer
CNN2,Q99439,S,VeroE6,24,homo sapien,Sherer
CTTN,Q14247,S,VeroE6,24,homo sapien,Sherer
DNAJB11,Q9UBS4,S,VeroE6,24,homo sapien,Sherer
EMG1,Q92979,S,VeroE6,24,homo sapien,Sherer
GIT1,Q9Y2X7,S,VeroE6,24,homo sapien,Sherer
GPD2,P43304,S,VeroE6,24,homo sapien,Sherer
GPI,P06744,S,VeroE6,24,homo sapien,Sherer
HDLBP,Q00341,S,VeroE6,24,homo sapien,Sherer
IRS2,Q9Y4H2,S,VeroE6,24,homo sapien,Sherer
IVNS1ABP,Q9Y6Y0,S,VeroE6,24,homo sapien,Sherer
MEMO1,Q9Y316,S,VeroE6,24,homo sapien,Sherer
MRPL16,Q9NX20,S,VeroE6,24,homo sapien,Sherer
MTCH2,Q9Y6C9,S,VeroE6,24,homo sapien,Sherer
PCBP2,Q15366,S,VeroE6,24,homo sapien,Sherer
PDLIM5,Q96HC4,S,VeroE6,24,homo sapien,Sherer
PSMD12,O00232,S,VeroE6,24,homo sapien,Sherer
PTK2,Q05397,S,VeroE6,24,homo sapien,Sherer
QKI,Q96PU8,S,VeroE6,24,homo sapien,Sherer
RAD51,Q06609,S,VeroE6,24,homo sapien,Sherer
RPL23,P62829,S,VeroE6,24,homo sapien,Sherer
RPS25,P62851,S,VeroE6,24,homo sapien,Sherer
SLC25A10,Q9UBX3,S,VeroE6,24,homo sapien,Sherer
STIM1,Q13586,S,VeroE6,24,homo sapien,Sherer
SUCLG1,P53597,S,VeroE6,24,homo sapien,Sherer
TMEM33,P57088,S,VeroE6,24,homo sapien,Sherer
ACAA1,P09110,ORF8,VeroE6,8,homo sapien,Sherer
ACIN1,Q9UKV3,ORF8,VeroE6,8,homo sapien,Sherer
AK1,P00568,ORF8,VeroE6,8,homo sapien,Sherer
ALKBH5,Q6P6C2,ORF8,VeroE6,8,homo sapien,Sherer
APMAP,Q9HDC9,ORF8,VeroE6,8,homo sapien,Sherer
ARMC1,Q9NVT9,ORF8,VeroE6,8,homo sapien,Sherer
BCL2L1,Q07817,ORF8,VeroE6,8,homo sapien,Sherer
BCLAF1,Q9NYF8,ORF8,VeroE6,8,homo sapien,Sherer
C11orf68,Q9H3H3,ORF8,VeroE6,8,homo sapien,Sherer
CCT7,Q99832,ORF8,VeroE6,8,homo sapien,Sherer
COX6C,P09669,ORF8,VeroE6,8,homo sapien,Sherer
CPSF3,Q9UKF6,ORF8,VeroE6,8,homo sapien,Sherer
CSNK1A1,P48729,ORF8,VeroE6,8,homo sapien,Sherer
CTNNB1,P35222,ORF8,VeroE6,8,homo sapien,Sherer
CUL3,Q13618,ORF8,VeroE6,8,homo sapien,Sherer
CYP27A1,Q02318,ORF8,VeroE6,8,homo sapien,Sherer
DDOST,P39656,ORF8,VeroE6,8,homo sapien,Sherer
DDX54,Q8TDD1,ORF8,VeroE6,8,homo sapien,Sherer
DHCR7,Q9UBM7,ORF8,VeroE6,8,homo sapien,Sherer
DHX30,Q7L2E3,ORF8,VeroE6,8,homo sapien,Sherer
DIS3,Q9Y2L1,ORF8,VeroE6,8,homo sapien,Sherer
DLST,P36957,ORF8,VeroE6,8,homo sapien,Sherer
EIF2A,Q9BY44,ORF8,VeroE6,8,homo sapien,Sherer
ELAVL1,Q15717,ORF8,VeroE6,8,homo sapien,Sherer
ELP1,O95163,ORF8,VeroE6,8,homo sapien,Sherer
EMC1,Q8N766,ORF8,VeroE6,8,homo sapien,Sherer
EMD,P50402,ORF8,VeroE6,8,homo sapien,Sherer
EPN2,O95208,ORF8,VeroE6,8,homo sapien,Sherer
EXOSC2,Q13868,ORF8,VeroE6,8,homo sapien,Sherer
FAM120A,Q9NZB2,ORF8,VeroE6,8,homo sapien,Sherer
FARSA,Q9Y285,ORF8,VeroE6,8,homo sapien,Sherer
FKBP11,Q9NYL4,ORF8,VeroE6,8,homo sapien,Sherer
FN1,P02751,ORF8,VeroE6,8,homo sapien,Sherer
FXR2,P51116,ORF8,VeroE6,8,homo sapien,Sherer
GGT1,P19440,ORF8,VeroE6,8,homo sapien,Sherer
GLS,O94925,ORF8,VeroE6,8,homo sapien,Sherer
GNAI3,P08754,ORF8,VeroE6,8,homo sapien,Sherer
GSPT1,P15170,ORF8,VeroE6,8,homo sapien,Sherer
HADHA,P40939,ORF8,VeroE6,8,homo sapien,Sherer
HP1BP3,Q5SSJ5,ORF8,VeroE6,8,homo sapien,Sherer
IDH2,P48735,ORF8,VeroE6,8,homo sapien,Sherer
INTS7,Q9NVH2,ORF8,VeroE6,8,homo sapien,Sherer
KHSRP,Q92945,ORF8,VeroE6,8,homo sapien,Sherer
LMNB2,Q03252,ORF8,VeroE6,8,homo sapien,Sherer
LONP1,P36776,ORF8,VeroE6,8,homo sapien,Sherer
LRRC47,Q8N1G4,ORF8,VeroE6,8,homo sapien,Sherer
MALT1,Q9UDY8,ORF8,VeroE6,8,homo sapien,Sherer
MVP,Q14764,ORF8,VeroE6,8,homo sapien,Sherer
MYEF2,Q9P2K5,ORF8,VeroE6,8,homo sapien,Sherer
MYLK,Q15746,ORF8,VeroE6,8,homo sapien,Sherer
NAA10,P41227,ORF8,VeroE6,8,homo sapien,Sherer
NCAM1,P13591,ORF8,VeroE6,8,homo sapien,Sherer
NCAPG,Q9BPX3,ORF8,VeroE6,8,homo sapien,Sherer
NDUFB4,O95168,ORF8,VeroE6,8,homo sapien,Sherer
NFS1,Q9Y697,ORF8,VeroE6,8,homo sapien,Sherer
NOMO1,Q15155,ORF8,VeroE6,8,homo sapien,Sherer
PAPOLA,P51003,ORF8,VeroE6,8,homo sapien,Sherer
PHYHIPL,Q96FC7,ORF8,VeroE6,8,homo sapien,Sherer
PIP,P12273,ORF8,VeroE6,8,homo sapien,Sherer
PKLR,P30613,ORF8,VeroE6,8,homo sapien,Sherer
PLIN2,Q99541,ORF8,VeroE6,8,homo sapien,Sherer
PRKAA1,Q13131,ORF8,VeroE6,8,homo sapien,Sherer
PSMA6,P60900,ORF8,VeroE6,8,homo sapien,Sherer
RANBP1,P43487,ORF8,VeroE6,8,homo sapien,Sherer
RBM12,Q9NTZ6,ORF8,VeroE6,8,homo sapien,Sherer
RBM25,P49756,ORF8,VeroE6,8,homo sapien,Sherer
RBMX,P38159,ORF8,VeroE6,8,homo sapien,Sherer
RCE1,Q9Y256,ORF8,VeroE6,8,homo sapien,Sherer
RPL23,P62829,ORF8,VeroE6,8,homo sapien,Sherer
RPL36,Q9Y3U8,ORF8,VeroE6,8,homo sapien,Sherer
RPN2,P04844,ORF8,VeroE6,8,homo sapien,Sherer
RPS13,P62277,ORF8,VeroE6,8,homo sapien,Sherer
SACM1L,Q9NTJ5,ORF8,VeroE6,8,homo sapien,Sherer
SF3A1,Q15459,ORF8,VeroE6,8,homo sapien,Sherer
SLC25A10,Q9UBX3,ORF8,VeroE6,8,homo sapien,Sherer
SLC25A13,Q9UJS0,ORF8,VeroE6,8,homo sapien,Sherer
SLC25A32,Q9H2D1,ORF8,VeroE6,8,homo sapien,Sherer
SLTM,Q9NWH9,ORF8,VeroE6,8,homo sapien,Sherer
SMC1A,Q14683,ORF8,VeroE6,8,homo sapien,Sherer
SNRNP40,Q96DI7,ORF8,VeroE6,8,homo sapien,Sherer
SOD2,P04179,ORF8,VeroE6,8,homo sapien,Sherer
SPECC1L,Q69YQ0,ORF8,VeroE6,8,homo sapien,Sherer
SSB,P05455,ORF8,VeroE6,8,homo sapien,Sherer
STAT1,P42224,ORF8,VeroE6,8,homo sapien,Sherer
SUPT16H,Q9Y5B9,ORF8,VeroE6,8,homo sapien,Sherer
THEM6,Q8WUY1,ORF8,VeroE6,8,homo sapien,Sherer
TMEM245,Q9H330,ORF8,VeroE6,8,homo sapien,Sherer
TMX3,Q96JJ7,ORF8,VeroE6,8,homo sapien,Sherer
TOMM40,O96008,ORF8,VeroE6,8,homo sapien,Sherer
TOMM70,O94826,ORF8,VeroE6,8,homo sapien,Sherer
TRRAP,Q9Y4A5,ORF8,VeroE6,8,homo sapien,Sherer
UGDH,O60701,ORF8,VeroE6,8,homo sapien,Sherer
UHRF1,Q96T88,ORF8,VeroE6,8,homo sapien,Sherer
USP9X,Q93008,ORF8,VeroE6,8,homo sapien,Sherer
VDAC2,P45880,ORF8,VeroE6,8,homo sapien,Sherer
VDAC3,Q9Y277,ORF8,VeroE6,8,homo sapien,Sherer
WDR7,Q9Y4E6,ORF8,VeroE6,8,homo sapien,Sherer
YLPM1,P49750,ORF8,VeroE6,8,homo sapien,Sherer
AIDA,Q96BJ3,ORF8,VeroE6,24,homo sapien,Sherer
ANKRD52,Q8NB46,ORF8,VeroE6,24,homo sapien,Sherer
ANLN,Q9NQW6,ORF8,VeroE6,24,homo sapien,Sherer
ASS1,P00966,ORF8,VeroE6,24,homo sapien,Sherer
BCR,P11274,ORF8,VeroE6,24,homo sapien,Sherer
CS,O75390,ORF8,VeroE6,24,homo sapien,Sherer
CUL1,Q13616,ORF8,VeroE6,24,homo sapien,Sherer
EIF3E,P60228,ORF8,VeroE6,24,homo sapien,Sherer
GDI2,P50395,ORF8,VeroE6,24,homo sapien,Sherer
GLS,O94925,ORF8,VeroE6,24,homo sapien,Sherer
JUNB,P17275,ORF8,VeroE6,24,homo sapien,Sherer
LASP1,Q14847,ORF8,VeroE6,24,homo sapien,Sherer
LIN7C,Q9NUP9,ORF8,VeroE6,24,homo sapien,Sherer
LSM7,Q9UK45,ORF8,VeroE6,24,homo sapien,Sherer
MARS2,Q96GW9,ORF8,VeroE6,24,homo sapien,Sherer
MRPS26,Q9BYN8,ORF8,VeroE6,24,homo sapien,Sherer
MTREX,P42285,ORF8,VeroE6,24,homo sapien,Sherer
NOLC1,Q14978,ORF8,VeroE6,24,homo sapien,Sherer
PIP5K1A,Q99755,ORF8,VeroE6,24,homo sapien,Sherer
RAB7A,P51149,ORF8,VeroE6,24,homo sapien,Sherer
SAR1A,Q9NR31,ORF8,VeroE6,24,homo sapien,Sherer
SBDS,Q9Y3A5,ORF8,VeroE6,24,homo sapien,Sherer
STAT3,P40763,ORF8,VeroE6,24,homo sapien,Sherer
SUGP2,Q8IX01,ORF8,VeroE6,24,homo sapien,Sherer
UBE2G2,P60604,ORF8,VeroE6,24,homo sapien,Sherer
USP7,Q93009,ORF8,VeroE6,24,homo sapien,Sherer
WASHC5,Q12768,ORF8,VeroE6,24,homo sapien,Sherer
WFS1,O76024,ORF8,VeroE6,24,homo sapien,Sherer
AACS,Q86V21,N,VeroE6,8,homo sapien,Sherer
ABCC1,P33527,N,VeroE6,8,homo sapien,Sherer
ALDH6A1,Q02252,N,VeroE6,8,homo sapien,Sherer
ALYREF,Q86V81,N,VeroE6,8,homo sapien,Sherer
AP2B1,P63010,N,VeroE6,8,homo sapien,Sherer
API5,Q9BZZ5,N,VeroE6,8,homo sapien,Sherer
ARPC3,O15145,N,VeroE6,8,homo sapien,Sherer
ARPC4,P59998,N,VeroE6,8,homo sapien,Sherer
BCR,P11274,N,VeroE6,8,homo sapien,Sherer
BCS1L,Q9Y276,N,VeroE6,8,homo sapien,Sherer
CAPZA1,P52907,N,VeroE6,8,homo sapien,Sherer
CHORDC1,Q9UHD1,N,VeroE6,8,homo sapien,Sherer
CTNNB1,P35222,N,VeroE6,8,homo sapien,Sherer
DDOST,P39656,N,VeroE6,8,homo sapien,Sherer
DDX50,Q9BQ39,N,VeroE6,8,homo sapien,Sherer
DHFR,P00374,N,VeroE6,8,homo sapien,Sherer
EEF1B2,P24534,N,VeroE6,8,homo sapien,Sherer
EIF6,P56537,N,VeroE6,8,homo sapien,Sherer
ELAVL1,Q15717,N,VeroE6,8,homo sapien,Sherer
ELOVL5,Q9NYP7,N,VeroE6,8,homo sapien,Sherer
ESD,P10768,N,VeroE6,8,homo sapien,Sherer
EZR,P15311,N,VeroE6,8,homo sapien,Sherer
FAF2,Q96CS3,N,VeroE6,8,homo sapien,Sherer
FAM120A,Q9NZB2,N,VeroE6,8,homo sapien,Sherer
FANCI,Q9NVI1,N,VeroE6,8,homo sapien,Sherer
GGT1,P19440,N,VeroE6,8,homo sapien,Sherer
GLS,O94925,N,VeroE6,8,homo sapien,Sherer
GNAI3,P08754,N,VeroE6,8,homo sapien,Sherer
HADHA,P40939,N,VeroE6,8,homo sapien,Sherer
HGS,O14964,N,VeroE6,8,homo sapien,Sherer
HMGB1,P09429,N,VeroE6,8,homo sapien,Sherer
HSPA14,Q0VDF9,N,VeroE6,8,homo sapien,Sherer
IGHA1,P01876,N,VeroE6,8,homo sapien,Sherer
INTS7,Q9NVH2,N,VeroE6,8,homo sapien,Sherer
LRRC47,Q8N1G4,N,VeroE6,8,homo sapien,Sherer
MIF,P14174,N,VeroE6,8,homo sapien,Sherer
MLEC,Q14165,N,VeroE6,8,homo sapien,Sherer
MRPS10,P82664,N,VeroE6,8,homo sapien,Sherer
NCAM1,P13591,N,VeroE6,8,homo sapien,Sherer
NCKAP1,Q9Y2A7,N,VeroE6,8,homo sapien,Sherer
NELFB,Q8WX92,N,VeroE6,8,homo sapien,Sherer
NOL6,Q9H6R4,N,VeroE6,8,homo sapien,Sherer
NUMA1,Q14980,N,VeroE6,8,homo sapien,Sherer
PARP1,P09874,N,VeroE6,8,homo sapien,Sherer
PCBD1,P61457,N,VeroE6,8,homo sapien,Sherer
PDCD5,O14737,N,VeroE6,8,homo sapien,Sherer
PFKP,Q01813,N,VeroE6,8,homo sapien,Sherer
PKLR,P30613,N,VeroE6,8,homo sapien,Sherer
PLS3,P13797,N,VeroE6,8,homo sapien,Sherer
PMPCB,O75439,N,VeroE6,8,homo sapien,Sherer
POLR1C,O15160,N,VeroE6,8,homo sapien,Sherer
PRDX5,P30044,N,VeroE6,8,homo sapien,Sherer
PRKAR2B,P31323,N,VeroE6,8,homo sapien,Sherer
PRPF4B,Q13523,N,VeroE6,8,homo sapien,Sherer
PSMC4,P43686,N,VeroE6,8,homo sapien,Sherer
PSMC6,P62333,N,VeroE6,8,homo sapien,Sherer
PUF60,Q9UHX1,N,VeroE6,8,homo sapien,Sherer
RAB21,Q9UL25,N,VeroE6,8,homo sapien,Sherer
RAB5C,P51148,N,VeroE6,8,homo sapien,Sherer
RAB7A,P51149,N,VeroE6,8,homo sapien,Sherer
RAB9A,P51151,N,VeroE6,8,homo sapien,Sherer
RBM17,Q96I25,N,VeroE6,8,homo sapien,Sherer
RBM39,Q14498,N,VeroE6,8,homo sapien,Sherer
RPL22,P35268,N,VeroE6,8,homo sapien,Sherer
RPL23,P62829,N,VeroE6,8,homo sapien,Sherer
RPL30,P62888,N,VeroE6,8,homo sapien,Sherer
RPL38,P63173,N,VeroE6,8,homo sapien,Sherer
RRM2,P31350,N,VeroE6,8,homo sapien,Sherer
SBDS,Q9Y3A5,N,VeroE6,8,homo sapien,Sherer
SCAMP1,O15126,N,VeroE6,8,homo sapien,Sherer
SLC25A12,O75746,N,VeroE6,8,homo sapien,Sherer
SLC25A13,Q9UJS0,N,VeroE6,8,homo sapien,Sherer
SRSF6,Q13247,N,VeroE6,8,homo sapien,Sherer
STRN4,Q9NRL3,N,VeroE6,8,homo sapien,Sherer
STT3B,Q8TCJ2,N,VeroE6,8,homo sapien,Sherer
TKT,P29401,N,VeroE6,8,homo sapien,Sherer
TMED10,P49755,N,VeroE6,8,homo sapien,Sherer
TOMM40,O96008,N,VeroE6,8,homo sapien,Sherer
TP53BP2,Q13625,N,VeroE6,8,homo sapien,Sherer
UBA52,P62987,N,VeroE6,8,homo sapien,Sherer
UBR1,Q8IWV7,N,VeroE6,8,homo sapien,Sherer
UQCRFS1,P47985,N,VeroE6,8,homo sapien,Sherer
ZC3H15,Q8WU90,N,VeroE6,8,homo sapien,Sherer
ACP1,P24666,N,VeroE6,24,homo sapien,Sherer
ACSL1,P33121,N,VeroE6,24,homo sapien,Sherer
ADSS2,P30520,N,VeroE6,24,homo sapien,Sherer
AHNAK,Q09666,N,VeroE6,24,homo sapien,Sherer
ANLN,Q9NQW6,N,VeroE6,24,homo sapien,Sherer
API5,Q9BZZ5,N,VeroE6,24,homo sapien,Sherer
APMAP,Q9HDC9,N,VeroE6,24,homo sapien,Sherer
CCT2,P78371,N,VeroE6,24,homo sapien,Sherer
CDK5RAP3,Q96JB5,N,VeroE6,24,homo sapien,Sherer
COPS7A,Q9UBW8,N,VeroE6,24,homo sapien,Sherer
CSNK1A1,P48729,N,VeroE6,24,homo sapien,Sherer
CYBC1,Q9BQA9,N,VeroE6,24,homo sapien,Sherer
DHFR,P00374,N,VeroE6,24,homo sapien,Sherer
ECH1,Q13011,N,VeroE6,24,homo sapien,Sherer
EEF1D,P29692,N,VeroE6,24,homo sapien,Sherer
EIF3F,O00303,N,VeroE6,24,homo sapien,Sherer
EIF4A1,P60842,N,VeroE6,24,homo sapien,Sherer
FAU,P62861,N,VeroE6,24,homo sapien,Sherer
FKBP9,O95302,N,VeroE6,24,homo sapien,Sherer
FLNC,Q14315,N,VeroE6,24,homo sapien,Sherer
GIT1,Q9Y2X7,N,VeroE6,24,homo sapien,Sherer
GPI,P06744,N,VeroE6,24,homo sapien,Sherer
GSN,P06396,N,VeroE6,24,homo sapien,Sherer
HDLBP,Q00341,N,VeroE6,24,homo sapien,Sherer
HERC1,Q15751,N,VeroE6,24,homo sapien,Sherer
HSD17B10,Q99714,N,VeroE6,24,homo sapien,Sherer
IARS2,Q9NSE4,N,VeroE6,24,homo sapien,Sherer
IGF2BP2,Q9Y6M1,N,VeroE6,24,homo sapien,Sherer
LIG1,P18858,N,VeroE6,24,homo sapien,Sherer
LNPEP,Q9UIQ6,N,VeroE6,24,homo sapien,Sherer
LSM6,P62312,N,VeroE6,24,homo sapien,Sherer
MACROH2A1,O75367,N,VeroE6,24,homo sapien,Sherer
MCM4,P33991,N,VeroE6,24,homo sapien,Sherer
MDN1,Q9NU22,N,VeroE6,24,homo sapien,Sherer
MOV10,Q9HCE1,N,VeroE6,24,homo sapien,Sherer
MRPL17,Q9NRX2,N,VeroE6,24,homo sapien,Sherer
MRPL50,Q8N5N7,N,VeroE6,24,homo sapien,Sherer
MTHFD1,P11586,N,VeroE6,24,homo sapien,Sherer
MVP,Q14764,N,VeroE6,24,homo sapien,Sherer
NOP56,O00567,N,VeroE6,24,homo sapien,Sherer
NUP98,P52948,N,VeroE6,24,homo sapien,Sherer
PARP1,P09874,N,VeroE6,24,homo sapien,Sherer
PKLR,P30613,N,VeroE6,24,homo sapien,Sherer
PPAN,Q9NQ55,N,VeroE6,24,homo sapien,Sherer
PRRC2A,P48634,N,VeroE6,24,homo sapien,Sherer
PSAT1,Q9Y617,N,VeroE6,24,homo sapien,Sherer
PSMB4,P28070,N,VeroE6,24,homo sapien,Sherer
PSMD5,Q16401,N,VeroE6,24,homo sapien,Sherer
RAC1,P63000,N,VeroE6,24,homo sapien,Sherer
RNH1,P13489,N,VeroE6,24,homo sapien,Sherer
RPS26,P62854,N,VeroE6,24,homo sapien,Sherer
SERBP1,Q8NC51,N,VeroE6,24,homo sapien,Sherer
SLC25A13,Q9UJS0,N,VeroE6,24,homo sapien,Sherer
SNRNP200,O75643,N,VeroE6,24,homo sapien,Sherer
SUCLA2,Q9P2R7,N,VeroE6,24,homo sapien,Sherer
TRAPPC3,O43617,N,VeroE6,24,homo sapien,Sherer
WDR36,Q8NI36,N,VeroE6,24,homo sapien,Sherer
YTHDF2,Q9Y5A9,N,VeroE6,24,homo sapien,Sherer
