symbol_id,unique_protein_id,species,interactor,cell_line,hour,study,interaction_type,drug_approved
CNBP,P62633,homo sapien,genomic,Huh7,24,Schmidt,Protien RNA,-
nsp6,-,Severe acute respiratory syndrome coronavirus 2,genomic,Huh7,24,Schmidt,Protien RNA,-
PABPC4,Q13310,homo sapien,genomic,Huh7,24,Schmidt,Protien RNA,-
nsp15,-,Severe acute respiratory syndrome coronavirus 2,genomic,Huh7,24,Schmidt,Protien RNA,-
YBX3,P16989,homo sapien,genomic,Huh7,24,Schmidt,Protien RNA,-
compound 2e [PMID: 19013076],-,Severe acute respiratory syndrome coronavirus 2,N,-,N,Schmidt,Protien Drug,False
N,-,Severe acute respiratory syndrome coronavirus 2,genomic,Huh7,24,Schmidt,Protien RNA,-
S,-,Severe acute respiratory syndrome coronavirus 2,genomic,Huh7,24,Schmidt,Protien RNA,-
YTHDF2,Q9Y5A9,homo sapien,genomic,Huh7,24,Schmidt,Protien RNA,-
LARP4,Q71RC2,homo sapien,genomic,Huh7,24,Schmidt,Protien RNA,-
CAPRIN1,Q14444,homo sapien,genomic,Huh7,24,Schmidt,Protien RNA,-
ORF3a,-,Severe acute respiratory syndrome coronavirus 2,genomic,Huh7,24,Schmidt,Protien RNA,-
LIN28B,Q6ZN17,homo sapien,genomic,Huh7,24,Schmidt,Protien RNA,-
STIP1,P31948,homo sapien,genomic,Huh7,24,Schmidt,Protien RNA,-
YBX1,P67809,homo sapien,genomic,Huh7,24,Schmidt,Protien RNA,-
PUM1,Q14671,homo sapien,genomic,Huh7,24,Schmidt,Protien RNA,-
A1CF,Q9NQ94,homo sapien,genomic,Huh7,24,Schmidt,Protien RNA,-
RAB6D,Q53S08,homo sapien,genomic,Huh7,24,Schmidt,Protien RNA,-
RTCB,Q9Y3I0,homo sapien,genomic,Huh7,24,Schmidt,Protien RNA,-
G3BP2,Q9UN86,homo sapien,genomic,Huh7,24,Schmidt,Protien RNA,-
SYNCRIP,O60506,homo sapien,genomic,Huh7,24,Schmidt,Protien RNA,-
remdesivir,-,Severe acute respiratory syndrome coronavirus 2,nsp12,-,nsp12,Schmidt,Protien Drug,True
remdesivir,-,Severe acute respiratory syndrome coronavirus 2,nsp12,-,nsp12,Schmidt,Protien Drug,True
nsp12,-,Severe acute respiratory syndrome coronavirus 2,genomic,Huh7,24,Schmidt,Protien RNA,-
PABPC1,P11940,homo sapien,genomic,Huh7,24,Schmidt,Protien RNA,-
nsp16,-,Severe acute respiratory syndrome coronavirus 2,genomic,Huh7,24,Schmidt,Protien RNA,-
compound 8a [PMID: 23713581],-,Severe acute respiratory syndrome coronavirus 2,M,-,M,Schmidt,Protien Drug,False
M,-,Severe acute respiratory syndrome coronavirus 2,genomic,Huh7,24,Schmidt,Protien RNA,-
SND1,Q7KZF4,homo sapien,genomic,Huh7,24,Schmidt,Protien RNA,-
UPF1,Q92900,homo sapien,genomic,Huh7,24,Schmidt,Protien RNA,-
EIF4B,P23588,homo sapien,genomic,Huh7,24,Schmidt,Protien RNA,-
nsp9,-,Severe acute respiratory syndrome coronavirus 2,genomic,Huh7,24,Schmidt,Protien RNA,-
RAB6A,P20340,homo sapien,genomic,Huh7,24,Schmidt,Protien RNA,-
PPP1CC,P36873,homo sapien,genomic,Huh7,24,Schmidt,Protien RNA,-
CSDE1,O75534,homo sapien,genomic,Huh7,24,Schmidt,Protien RNA,-
MOV10,Q9HCE1,homo sapien,genomic,Huh7,24,Schmidt,Protien RNA,-
RPL6,Q02878,homo sapien,genomic,Huh7,24,Schmidt,Protien RNA,-
EIF4H,Q15056,homo sapien,genomic,Huh7,24,Schmidt,Protien RNA,-
RPS2,P15880,homo sapien,genomic,Huh7,24,Schmidt,Protien RNA,-
RBMS2,Q15434,homo sapien,genomic,Huh7,24,Schmidt,Protien RNA,-
RPS10,P46783,homo sapien,genomic,Huh7,24,Schmidt,Protien RNA,-
DDX3X,O00571,homo sapien,genomic,Huh7,24,Schmidt,Protien RNA,-
SCFD1,Q8WVM8,homo sapien,genomic,Huh7,24,Schmidt,Protien RNA,-
RPS14,P62263,homo sapien,genomic,Huh7,24,Schmidt,Protien RNA,-
bimagrumab,P61160,homo sapien,ACTR2,-,ACTR2,Schmidt,Protien Drug,False
ACTR2,P61160,homo sapien,genomic,Huh7,24,Schmidt,Protien RNA,-
CFL1,P23528,homo sapien,genomic,Huh7,24,Schmidt,Protien RNA,-
EIF3E,P60228,homo sapien,genomic,Huh7,24,Schmidt,Protien RNA,-
STRAP,Q9Y3F4,homo sapien,genomic,Huh7,24,Schmidt,Protien RNA,-
LSM14A,Q8ND56,homo sapien,genomic,Huh7,24,Schmidt,Protien RNA,-
HNRNPA1,P09651,homo sapien,genomic,Huh7,24,Schmidt,Protien RNA,-
SHFL,Q9NUL5,homo sapien,genomic,Huh7,24,Schmidt,Protien RNA,-
USO1,O60763,homo sapien,genomic,Huh7,24,Schmidt,Protien RNA,-
IGF2BP2,Q9Y6M1,homo sapien,genomic,Huh7,24,Schmidt,Protien RNA,-
ANXA1,P04083,homo sapien,genomic,Huh7,24,Schmidt,Protien RNA,-
RPL15,P61313,homo sapien,genomic,Huh7,24,Schmidt,Protien RNA,-
HDLBP,Q00341,homo sapien,genomic,Huh7,24,Schmidt,Protien RNA,-
DDX1,Q92499,homo sapien,genomic,Huh7,24,Schmidt,Protien RNA,-
PPP1CB,P62140,homo sapien,genomic,Huh7,24,Schmidt,Protien RNA,-
RPL13,P26373,homo sapien,genomic,Huh7,24,Schmidt,Protien RNA,-
RPS3,P23396,homo sapien,genomic,Huh7,24,Schmidt,Protien RNA,-
EIF5A,P63241,homo sapien,genomic,Huh7,24,Schmidt,Protien RNA,-
AKR1A1,P14550,homo sapien,genomic,VeroE6,24,Flynn,Protien RNA,-
AKR1A1,P14550,homo sapien,genomic,VeroE6,48,Flynn,Protien RNA,-
ALDH1A1,P00352,homo sapien,genomic,Huh7.5,48,Flynn,Protien RNA,-
ALDH1A1,P00352,homo sapien,genomic,VeroE6,48,Flynn,Protien RNA,-
ALYREF,Q86V81,homo sapien,genomic,VeroE6,24,Flynn,Protien RNA,-
ALYREF,Q86V81,homo sapien,genomic,VeroE6,48,Flynn,Protien RNA,-
ANXA1,P04083,homo sapien,genomic,VeroE6,24,Flynn,Protien RNA,-
ANXA1,P04083,homo sapien,genomic,VeroE6,48,Flynn,Protien RNA,-
ANXA11,P50995,homo sapien,genomic,VeroE6,48,Flynn,Protien RNA,-
ANXA4,P09525,homo sapien,genomic,Huh7.5,48,Flynn,Protien RNA,-
ANXA4,P09525,homo sapien,genomic,VeroE6,24,Flynn,Protien RNA,-
ANXA4,P09525,homo sapien,genomic,VeroE6,48,Flynn,Protien RNA,-
ANXA5,P08758,homo sapien,genomic,Huh7.5,48,Flynn,Protien RNA,-
ANXA5,P08758,homo sapien,genomic,VeroE6,48,Flynn,Protien RNA,-
APEX1,P27695,homo sapien,genomic,Huh7.5,24,Flynn,Protien RNA,-
APEX1,P27695,homo sapien,genomic,Huh7.5,48,Flynn,Protien RNA,-
BCLAF1,Q9NYF8,homo sapien,genomic,VeroE6,24,Flynn,Protien RNA,-
CAD,P27708,homo sapien,genomic,VeroE6,24,Flynn,Protien RNA,-
CAD,P27708,homo sapien,genomic,VeroE6,48,Flynn,Protien RNA,-
CAPG,P40121,homo sapien,genomic,VeroE6,48,Flynn,Protien RNA,-
CAPZB,P47756,homo sapien,genomic,Huh7.5,24,Flynn,Protien RNA,-
CAPZB,P47756,homo sapien,genomic,Huh7.5,48,Flynn,Protien RNA,-
CCAR2,Q8N163,homo sapien,genomic,Huh7.5,48,Flynn,Protien RNA,-
CCAR2,Q8N163,homo sapien,genomic,VeroE6,24,Flynn,Protien RNA,-
CCAR2,Q8N163,homo sapien,genomic,VeroE6,48,Flynn,Protien RNA,-
CELF1,Q92879,homo sapien,genomic,VeroE6,24,Flynn,Protien RNA,-
CELF1,Q92879,homo sapien,genomic,VeroE6,48,Flynn,Protien RNA,-
CHTOP,Q9Y3Y2,homo sapien,genomic,VeroE6,24,Flynn,Protien RNA,-
CIRBP,Q14011,homo sapien,genomic,VeroE6,24,Flynn,Protien RNA,-
CNBP,P62633,homo sapien,genomic,Huh7.5,48,Flynn,Protien RNA,-
CNBP,P62633,homo sapien,genomic,VeroE6,24,Flynn,Protien RNA,-
CNBP,P62633,homo sapien,genomic,VeroE6,48,Flynn,Protien RNA,-
CORO1C,Q9ULV4,homo sapien,genomic,VeroE6,24,Flynn,Protien RNA,-
CORO1C,Q9ULV4,homo sapien,genomic,VeroE6,48,Flynn,Protien RNA,-
CPSF7,Q8N684,homo sapien,genomic,Huh7.5,48,Flynn,Protien RNA,-
CPSF7,Q8N684,homo sapien,genomic,VeroE6,24,Flynn,Protien RNA,-
CSE1L,P55060,homo sapien,genomic,VeroE6,24,Flynn,Protien RNA,-
DAZAP1,Q96EP5,homo sapien,genomic,Huh7.5,24,Flynn,Protien RNA,-
DAZAP1,Q96EP5,homo sapien,genomic,Huh7.5,48,Flynn,Protien RNA,-
DAZAP1,Q96EP5,homo sapien,genomic,VeroE6,24,Flynn,Protien RNA,-
DAZAP1,Q96EP5,homo sapien,genomic,VeroE6,48,Flynn,Protien RNA,-
DCXR,Q7Z4W1,homo sapien,genomic,Huh7.5,24,Flynn,Protien RNA,-
DDX1,Q92499,homo sapien,genomic,VeroE6,48,Flynn,Protien RNA,-
DDX17,Q92841,homo sapien,genomic,Huh7.5,24,Flynn,Protien RNA,-
DDX17,Q92841,homo sapien,genomic,Huh7.5,48,Flynn,Protien RNA,-
DDX17,Q92841,homo sapien,genomic,VeroE6,24,Flynn,Protien RNA,-
DDX17,Q92841,homo sapien,genomic,VeroE6,48,Flynn,Protien RNA,-
DDX39A,O00148,homo sapien,genomic,Huh7.5,48,Flynn,Protien RNA,-
DDX39A,O00148,homo sapien,genomic,VeroE6,24,Flynn,Protien RNA,-
DDX39B,Q13838,homo sapien,genomic,Huh7.5,24,Flynn,Protien RNA,-
DDX39B,Q13838,homo sapien,genomic,Huh7.5,48,Flynn,Protien RNA,-
DDX39B,Q13838,homo sapien,genomic,VeroE6,24,Flynn,Protien RNA,-
DDX39B,Q13838,homo sapien,genomic,VeroE6,48,Flynn,Protien RNA,-
DDX5,P17844,homo sapien,genomic,Huh7.5,24,Flynn,Protien RNA,-
DDX5,P17844,homo sapien,genomic,Huh7.5,48,Flynn,Protien RNA,-
DDX5,P17844,homo sapien,genomic,VeroE6,24,Flynn,Protien RNA,-
DDX5,P17844,homo sapien,genomic,VeroE6,48,Flynn,Protien RNA,-
DDX6,P26196,homo sapien,genomic,Huh7.5,24,Flynn,Protien RNA,-
DDX6,P26196,homo sapien,genomic,Huh7.5,48,Flynn,Protien RNA,-
DDX6,P26196,homo sapien,genomic,VeroE6,24,Flynn,Protien RNA,-
DDX6,P26196,homo sapien,genomic,VeroE6,48,Flynn,Protien RNA,-
DHX9,Q08211,homo sapien,genomic,Huh7.5,48,Flynn,Protien RNA,-
DHX9,Q08211,homo sapien,genomic,VeroE6,24,Flynn,Protien RNA,-
DHX9,Q08211,homo sapien,genomic,VeroE6,48,Flynn,Protien RNA,-
EIF2S1,P05198,homo sapien,genomic,Huh7.5,48,Flynn,Protien RNA,-
EIF2S1,P05198,homo sapien,genomic,VeroE6,48,Flynn,Protien RNA,-
EIF3A,Q14152,homo sapien,genomic,VeroE6,24,Flynn,Protien RNA,-
EIF3A,Q14152,homo sapien,genomic,VeroE6,48,Flynn,Protien RNA,-
EIF3C,Q99613,homo sapien,genomic,VeroE6,24,Flynn,Protien RNA,-
EIF3C,Q99613,homo sapien,genomic,VeroE6,48,Flynn,Protien RNA,-
EIF3G,O75821,homo sapien,genomic,VeroE6,48,Flynn,Protien RNA,-
EIF4A1,P60842,homo sapien,genomic,Huh7.5,48,Flynn,Protien RNA,-
EIF4A1,P60842,homo sapien,genomic,VeroE6,24,Flynn,Protien RNA,-
EIF4A1,P60842,homo sapien,genomic,VeroE6,48,Flynn,Protien RNA,-
EIF4H,Q15056,homo sapien,genomic,Huh7.5,48,Flynn,Protien RNA,-
EIF4H,Q15056,homo sapien,genomic,VeroE6,24,Flynn,Protien RNA,-
EIF4H,Q15056,homo sapien,genomic,VeroE6,48,Flynn,Protien RNA,-
ELAVL1,Q15717,homo sapien,genomic,Huh7.5,24,Flynn,Protien RNA,-
ELAVL1,Q15717,homo sapien,genomic,Huh7.5,48,Flynn,Protien RNA,-
ELAVL1,Q15717,homo sapien,genomic,VeroE6,24,Flynn,Protien RNA,-
ELAVL1,Q15717,homo sapien,genomic,VeroE6,48,Flynn,Protien RNA,-
ENO1,P06733,homo sapien,genomic,VeroE6,48,Flynn,Protien RNA,-
ENO3,P13929,homo sapien,genomic,VeroE6,24,Flynn,Protien RNA,-
ENO3,P13929,homo sapien,genomic,VeroE6,48,Flynn,Protien RNA,-
EWSR1,Q01844,homo sapien,genomic,VeroE6,24,Flynn,Protien RNA,-
EWSR1,Q01844,homo sapien,genomic,VeroE6,48,Flynn,Protien RNA,-
FAM120A,Q9NZB2,homo sapien,genomic,Huh7.5,24,Flynn,Protien RNA,-
FAM120A,Q9NZB2,homo sapien,genomic,Huh7.5,48,Flynn,Protien RNA,-
FAM120A,Q9NZB2,homo sapien,genomic,VeroE6,24,Flynn,Protien RNA,-
FAM120A,Q9NZB2,homo sapien,genomic,VeroE6,48,Flynn,Protien RNA,-
FASN,P49327,homo sapien,genomic,Huh7.5,48,Flynn,Protien RNA,-
FASN,P49327,homo sapien,genomic,VeroE6,48,Flynn,Protien RNA,-
FLNC,Q14315,homo sapien,genomic,VeroE6,48,Flynn,Protien RNA,-
FUBP1,Q96AE4,homo sapien,genomic,Huh7.5,24,Flynn,Protien RNA,-
FUBP1,Q96AE4,homo sapien,genomic,Huh7.5,48,Flynn,Protien RNA,-
FUBP1,Q96AE4,homo sapien,genomic,VeroE6,24,Flynn,Protien RNA,-
FUBP1,Q96AE4,homo sapien,genomic,VeroE6,48,Flynn,Protien RNA,-
FUBP3,Q96I24,homo sapien,genomic,Huh7.5,48,Flynn,Protien RNA,-
FUBP3,Q96I24,homo sapien,genomic,VeroE6,24,Flynn,Protien RNA,-
FUBP3,Q96I24,homo sapien,genomic,VeroE6,48,Flynn,Protien RNA,-
FUS,P35637,homo sapien,genomic,Huh7.5,48,Flynn,Protien RNA,-
FUS,P35637,homo sapien,genomic,VeroE6,24,Flynn,Protien RNA,-
FUS,P35637,homo sapien,genomic,VeroE6,48,Flynn,Protien RNA,-
FXR1,P51114,homo sapien,genomic,Huh7.5,48,Flynn,Protien RNA,-
FXR1,P51114,homo sapien,genomic,VeroE6,24,Flynn,Protien RNA,-
FXR1,P51114,homo sapien,genomic,VeroE6,48,Flynn,Protien RNA,-
G3BP1,Q13283,homo sapien,genomic,Huh7.5,48,Flynn,Protien RNA,-
G3BP1,Q13283,homo sapien,genomic,VeroE6,24,Flynn,Protien RNA,-
G3BP1,Q13283,homo sapien,genomic,VeroE6,48,Flynn,Protien RNA,-
G3BP2,Q9UN86,homo sapien,genomic,Huh7.5,48,Flynn,Protien RNA,-
G3BP2,Q9UN86,homo sapien,genomic,VeroE6,24,Flynn,Protien RNA,-
G3BP2,Q9UN86,homo sapien,genomic,VeroE6,48,Flynn,Protien RNA,-
GPI,P06744,homo sapien,genomic,Huh7.5,48,Flynn,Protien RNA,-
GPI,P06744,homo sapien,genomic,VeroE6,48,Flynn,Protien RNA,-
GSTP1,P09211,homo sapien,genomic,Huh7.5,24,Flynn,Protien RNA,-
GSTP1,P09211,homo sapien,genomic,Huh7.5,48,Flynn,Protien RNA,-
HDGF,P51858,homo sapien,genomic,Huh7.5,24,Flynn,Protien RNA,-
HDGF,P51858,homo sapien,genomic,Huh7.5,48,Flynn,Protien RNA,-
HDLBP,Q00341,homo sapien,genomic,Huh7.5,24,Flynn,Protien RNA,-
HDLBP,Q00341,homo sapien,genomic,Huh7.5,48,Flynn,Protien RNA,-
HDLBP,Q00341,homo sapien,genomic,VeroE6,24,Flynn,Protien RNA,-
HDLBP,Q00341,homo sapien,genomic,VeroE6,48,Flynn,Protien RNA,-
HNRNPA0,Q13151,homo sapien,genomic,Huh7.5,24,Flynn,Protien RNA,-
HNRNPA0,Q13151,homo sapien,genomic,Huh7.5,48,Flynn,Protien RNA,-
HNRNPA0,Q13151,homo sapien,genomic,VeroE6,24,Flynn,Protien RNA,-
HNRNPA0,Q13151,homo sapien,genomic,VeroE6,48,Flynn,Protien RNA,-
HNRNPA1,P09651,homo sapien,genomic,Huh7.5,24,Flynn,Protien RNA,-
HNRNPA1,P09651,homo sapien,genomic,Huh7.5,48,Flynn,Protien RNA,-
HNRNPA1,P09651,homo sapien,genomic,VeroE6,24,Flynn,Protien RNA,-
HNRNPA1,P09651,homo sapien,genomic,VeroE6,48,Flynn,Protien RNA,-
HNRNPA2B1,P22626,homo sapien,genomic,Huh7.5,24,Flynn,Protien RNA,-
HNRNPA2B1,P22626,homo sapien,genomic,Huh7.5,48,Flynn,Protien RNA,-
HNRNPA3,P51991,homo sapien,genomic,Huh7.5,24,Flynn,Protien RNA,-
HNRNPA3,P51991,homo sapien,genomic,Huh7.5,48,Flynn,Protien RNA,-
HNRNPAB,Q99729,homo sapien,genomic,Huh7.5,24,Flynn,Protien RNA,-
HNRNPAB,Q99729,homo sapien,genomic,Huh7.5,48,Flynn,Protien RNA,-
HNRNPC,P07910,homo sapien,genomic,Huh7.5,24,Flynn,Protien RNA,-
HNRNPC,P07910,homo sapien,genomic,Huh7.5,48,Flynn,Protien RNA,-
HNRNPC,P07910,homo sapien,genomic,VeroE6,24,Flynn,Protien RNA,-
HNRNPC,P07910,homo sapien,genomic,VeroE6,48,Flynn,Protien RNA,-
HNRNPD,Q14103,homo sapien,genomic,Huh7.5,48,Flynn,Protien RNA,-
HNRNPD,Q14103,homo sapien,genomic,VeroE6,24,Flynn,Protien RNA,-
HNRNPD,Q14103,homo sapien,genomic,VeroE6,48,Flynn,Protien RNA,-
HNRNPDL,O14979,homo sapien,genomic,Huh7.5,48,Flynn,Protien RNA,-
HNRNPDL,O14979,homo sapien,genomic,VeroE6,24,Flynn,Protien RNA,-
HNRNPDL,O14979,homo sapien,genomic,VeroE6,48,Flynn,Protien RNA,-
HNRNPF,P52597,homo sapien,genomic,Huh7.5,24,Flynn,Protien RNA,-
HNRNPF,P52597,homo sapien,genomic,Huh7.5,48,Flynn,Protien RNA,-
HNRNPH1,P31943,homo sapien,genomic,Huh7.5,24,Flynn,Protien RNA,-
HNRNPH1,P31943,homo sapien,genomic,Huh7.5,48,Flynn,Protien RNA,-
HNRNPH1,P31943,homo sapien,genomic,VeroE6,24,Flynn,Protien RNA,-
HNRNPH1,P31943,homo sapien,genomic,VeroE6,48,Flynn,Protien RNA,-
HNRNPH2,P55795,homo sapien,genomic,VeroE6,24,Flynn,Protien RNA,-
HNRNPH2,P55795,homo sapien,genomic,VeroE6,48,Flynn,Protien RNA,-
HNRNPH3,P31942,homo sapien,genomic,Huh7.5,24,Flynn,Protien RNA,-
HNRNPH3,P31942,homo sapien,genomic,Huh7.5,48,Flynn,Protien RNA,-
HNRNPK,P61978,homo sapien,genomic,Huh7.5,24,Flynn,Protien RNA,-
HNRNPK,P61978,homo sapien,genomic,Huh7.5,48,Flynn,Protien RNA,-
HNRNPL,P14866,homo sapien,genomic,Huh7.5,24,Flynn,Protien RNA,-
HNRNPL,P14866,homo sapien,genomic,Huh7.5,48,Flynn,Protien RNA,-
HNRNPL,P14866,homo sapien,genomic,VeroE6,24,Flynn,Protien RNA,-
HNRNPL,P14866,homo sapien,genomic,VeroE6,48,Flynn,Protien RNA,-
HNRNPM,P52272,homo sapien,genomic,Huh7.5,24,Flynn,Protien RNA,-
HNRNPM,P52272,homo sapien,genomic,Huh7.5,48,Flynn,Protien RNA,-
HNRNPM,P52272,homo sapien,genomic,VeroE6,24,Flynn,Protien RNA,-
HNRNPM,P52272,homo sapien,genomic,VeroE6,48,Flynn,Protien RNA,-
HNRNPR,O43390,homo sapien,genomic,Huh7.5,24,Flynn,Protien RNA,-
HNRNPR,O43390,homo sapien,genomic,Huh7.5,48,Flynn,Protien RNA,-
HNRNPR,O43390,homo sapien,genomic,VeroE6,24,Flynn,Protien RNA,-
HNRNPR,O43390,homo sapien,genomic,VeroE6,48,Flynn,Protien RNA,-
HNRNPU,Q00839,homo sapien,genomic,Huh7.5,48,Flynn,Protien RNA,-
HNRNPU,Q00839,homo sapien,genomic,VeroE6,24,Flynn,Protien RNA,-
HNRNPU,Q00839,homo sapien,genomic,VeroE6,48,Flynn,Protien RNA,-
HNRNPUL1,Q9BUJ2,homo sapien,genomic,Huh7.5,48,Flynn,Protien RNA,-
HNRNPUL1,Q9BUJ2,homo sapien,genomic,VeroE6,24,Flynn,Protien RNA,-
IGF2BP1,Q9NZI8,homo sapien,genomic,Huh7.5,24,Flynn,Protien RNA,-
IGF2BP1,Q9NZI8,homo sapien,genomic,Huh7.5,48,Flynn,Protien RNA,-
IGF2BP2,Q9Y6M1,homo sapien,genomic,Huh7.5,48,Flynn,Protien RNA,-
IGF2BP2,Q9Y6M1,homo sapien,genomic,VeroE6,24,Flynn,Protien RNA,-
IGF2BP2,Q9Y6M1,homo sapien,genomic,VeroE6,48,Flynn,Protien RNA,-
IGF2BP3,O00425,homo sapien,genomic,Huh7.5,24,Flynn,Protien RNA,-
IGF2BP3,O00425,homo sapien,genomic,Huh7.5,48,Flynn,Protien RNA,-
IGF2BP3,O00425,homo sapien,genomic,VeroE6,24,Flynn,Protien RNA,-
IGF2BP3,O00425,homo sapien,genomic,VeroE6,48,Flynn,Protien RNA,-
ILF3,Q12906,homo sapien,genomic,Huh7.5,48,Flynn,Protien RNA,-
ILF3,Q12906,homo sapien,genomic,VeroE6,48,Flynn,Protien RNA,-
KHDRBS1,Q07666,homo sapien,genomic,Huh7.5,24,Flynn,Protien RNA,-
KHDRBS1,Q07666,homo sapien,genomic,Huh7.5,48,Flynn,Protien RNA,-
KHDRBS1,Q07666,homo sapien,genomic,VeroE6,24,Flynn,Protien RNA,-
KHDRBS1,Q07666,homo sapien,genomic,VeroE6,48,Flynn,Protien RNA,-
KHSRP,Q92945,homo sapien,genomic,Huh7.5,24,Flynn,Protien RNA,-
KHSRP,Q92945,homo sapien,genomic,Huh7.5,48,Flynn,Protien RNA,-
KHSRP,Q92945,homo sapien,genomic,VeroE6,24,Flynn,Protien RNA,-
KHSRP,Q92945,homo sapien,genomic,VeroE6,48,Flynn,Protien RNA,-
KIF5B,P33176,homo sapien,genomic,VeroE6,48,Flynn,Protien RNA,-
L1RE1,Q9UN81,homo sapien,genomic,Huh7.5,24,Flynn,Protien RNA,-
L1RE1,Q9UN81,homo sapien,genomic,Huh7.5,48,Flynn,Protien RNA,-
LASP1,Q14847,homo sapien,genomic,VeroE6,24,Flynn,Protien RNA,-
LASP1,Q14847,homo sapien,genomic,VeroE6,48,Flynn,Protien RNA,-
LIN28B,Q6ZN17,homo sapien,genomic,Huh7.5,24,Flynn,Protien RNA,-
LIN28B,Q6ZN17,homo sapien,genomic,Huh7.5,48,Flynn,Protien RNA,-
LSG1,Q9H089,homo sapien,genomic,Huh7.5,48,Flynn,Protien RNA,-
LSG1,Q9H089,homo sapien,genomic,VeroE6,48,Flynn,Protien RNA,-
MATR3,P43243,homo sapien,genomic,Huh7.5,24,Flynn,Protien RNA,-
MATR3,P43243,homo sapien,genomic,Huh7.5,48,Flynn,Protien RNA,-
MOV10,Q9HCE1,homo sapien,genomic,Huh7.5,48,Flynn,Protien RNA,-
MOV10,Q9HCE1,homo sapien,genomic,VeroE6,24,Flynn,Protien RNA,-
MOV10,Q9HCE1,homo sapien,genomic,VeroE6,48,Flynn,Protien RNA,-
NAP1L4,Q99733,homo sapien,genomic,VeroE6,48,Flynn,Protien RNA,-
NCL,P19338,homo sapien,genomic,Huh7.5,48,Flynn,Protien RNA,-
NCL,P19338,homo sapien,genomic,VeroE6,24,Flynn,Protien RNA,-
NCOA5,Q9HCD5,homo sapien,genomic,Huh7.5,48,Flynn,Protien RNA,-
NCOA5,Q9HCD5,homo sapien,genomic,VeroE6,24,Flynn,Protien RNA,-
NPM1,P06748,homo sapien,genomic,VeroE6,24,Flynn,Protien RNA,-
NPM1,P06748,homo sapien,genomic,VeroE6,48,Flynn,Protien RNA,-
PABPC1,P11940,homo sapien,genomic,Huh7.5,24,Flynn,Protien RNA,-
PABPC1,P11940,homo sapien,genomic,Huh7.5,48,Flynn,Protien RNA,-
PABPC1,P11940,homo sapien,genomic,VeroE6,24,Flynn,Protien RNA,-
PABPC1,P11940,homo sapien,genomic,VeroE6,48,Flynn,Protien RNA,-
PABPC4,Q13310,homo sapien,genomic,Huh7.5,48,Flynn,Protien RNA,-
PABPC4,Q13310,homo sapien,genomic,VeroE6,24,Flynn,Protien RNA,-
PABPC4,Q13310,homo sapien,genomic,VeroE6,48,Flynn,Protien RNA,-
PABPN1,Q86U42,homo sapien,genomic,Huh7.5,48,Flynn,Protien RNA,-
PABPN1,Q86U42,homo sapien,genomic,VeroE6,24,Flynn,Protien RNA,-
PABPN1,Q86U42,homo sapien,genomic,VeroE6,48,Flynn,Protien RNA,-
PCBP1,Q15365,homo sapien,genomic,Huh7.5,48,Flynn,Protien RNA,-
PCBP1,Q15365,homo sapien,genomic,VeroE6,24,Flynn,Protien RNA,-
PCBP1,Q15365,homo sapien,genomic,VeroE6,48,Flynn,Protien RNA,-
PDIA6,Q15084,homo sapien,genomic,VeroE6,48,Flynn,Protien RNA,-
PLEC,Q15149,homo sapien,genomic,VeroE6,48,Flynn,Protien RNA,-
PNN,Q9H307,homo sapien,genomic,VeroE6,24,Flynn,Protien RNA,-
POLDIP3,Q9BY77,homo sapien,genomic,Huh7.5,48,Flynn,Protien RNA,-
POLDIP3,Q9BY77,homo sapien,genomic,VeroE6,24,Flynn,Protien RNA,-
POLDIP3,Q9BY77,homo sapien,genomic,VeroE6,48,Flynn,Protien RNA,-
PPP1CA,P62136,homo sapien,genomic,Huh7.5,48,Flynn,Protien RNA,-
PPP1CA,P62136,homo sapien,genomic,VeroE6,24,Flynn,Protien RNA,-
PPP1CA,P62136,homo sapien,genomic,VeroE6,48,Flynn,Protien RNA,-
PPP1CB,P62140,homo sapien,genomic,Huh7.5,48,Flynn,Protien RNA,-
PPP1CB,P62140,homo sapien,genomic,VeroE6,24,Flynn,Protien RNA,-
PPP1CB,P62140,homo sapien,genomic,VeroE6,48,Flynn,Protien RNA,-
PPP1CC,P36873,homo sapien,genomic,Huh7.5,48,Flynn,Protien RNA,-
PPP1CC,P36873,homo sapien,genomic,VeroE6,48,Flynn,Protien RNA,-
PRKDC,P78527,homo sapien,genomic,VeroE6,24,Flynn,Protien RNA,-
PRKDC,P78527,homo sapien,genomic,VeroE6,48,Flynn,Protien RNA,-
PSPC1,Q8WXF1,homo sapien,genomic,VeroE6,24,Flynn,Protien RNA,-
PSPC1,Q8WXF1,homo sapien,genomic,VeroE6,48,Flynn,Protien RNA,-
PTBP1,P26599,homo sapien,genomic,Huh7.5,24,Flynn,Protien RNA,-
PTBP1,P26599,homo sapien,genomic,Huh7.5,48,Flynn,Protien RNA,-
PTBP1,P26599,homo sapien,genomic,VeroE6,24,Flynn,Protien RNA,-
PTBP1,P26599,homo sapien,genomic,VeroE6,48,Flynn,Protien RNA,-
PTBP3,O95758,homo sapien,genomic,Huh7.5,48,Flynn,Protien RNA,-
PTBP3,O95758,homo sapien,genomic,VeroE6,24,Flynn,Protien RNA,-
PTBP3,O95758,homo sapien,genomic,VeroE6,48,Flynn,Protien RNA,-
PUM1,Q14671,homo sapien,genomic,VeroE6,24,Flynn,Protien RNA,-
PUM1,Q14671,homo sapien,genomic,VeroE6,48,Flynn,Protien RNA,-
PURA,Q00577,homo sapien,genomic,Huh7.5,24,Flynn,Protien RNA,-
PURA,Q00577,homo sapien,genomic,Huh7.5,48,Flynn,Protien RNA,-
PURA,Q00577,homo sapien,genomic,VeroE6,24,Flynn,Protien RNA,-
PURA,Q00577,homo sapien,genomic,VeroE6,48,Flynn,Protien RNA,-
PYCR2,Q96C36,homo sapien,genomic,Huh7.5,24,Flynn,Protien RNA,-
QKI,Q96PU8,homo sapien,genomic,Huh7.5,48,Flynn,Protien RNA,-
QKI,Q96PU8,homo sapien,genomic,VeroE6,24,Flynn,Protien RNA,-
RACK1,P63244,homo sapien,genomic,Huh7.5,24,Flynn,Protien RNA,-
RACK1,P63244,homo sapien,genomic,Huh7.5,48,Flynn,Protien RNA,-
RALY,Q9UKM9,homo sapien,genomic,Huh7.5,24,Flynn,Protien RNA,-
RALY,Q9UKM9,homo sapien,genomic,Huh7.5,48,Flynn,Protien RNA,-
RALY,Q9UKM9,homo sapien,genomic,VeroE6,24,Flynn,Protien RNA,-
RALY,Q9UKM9,homo sapien,genomic,VeroE6,48,Flynn,Protien RNA,-
RBM12B,Q8IXT5,homo sapien,genomic,VeroE6,24,Flynn,Protien RNA,-
RBM12B,Q8IXT5,homo sapien,genomic,VeroE6,48,Flynn,Protien RNA,-
RBM4B,Q9BQ04,homo sapien,genomic,Huh7.5,48,Flynn,Protien RNA,-
RBM4B,Q9BQ04,homo sapien,genomic,VeroE6,24,Flynn,Protien RNA,-
RBMX,P38159,homo sapien,genomic,Huh7.5,24,Flynn,Protien RNA,-
RBMX,P38159,homo sapien,genomic,Huh7.5,48,Flynn,Protien RNA,-
RNH1,P13489,homo sapien,genomic,VeroE6,24,Flynn,Protien RNA,-
RNH1,P13489,homo sapien,genomic,VeroE6,48,Flynn,Protien RNA,-
RPL15,P61313,homo sapien,genomic,Huh7.5,24,Flynn,Protien RNA,-
RPL15,P61313,homo sapien,genomic,Huh7.5,48,Flynn,Protien RNA,-
RPL24,P83731,homo sapien,genomic,Huh7.5,24,Flynn,Protien RNA,-
RPL8,P62917,homo sapien,genomic,Huh7.5,24,Flynn,Protien RNA,-
RPL8,P62917,homo sapien,genomic,Huh7.5,48,Flynn,Protien RNA,-
RPS14,P62263,homo sapien,genomic,Huh7.5,24,Flynn,Protien RNA,-
RPS14,P62263,homo sapien,genomic,Huh7.5,48,Flynn,Protien RNA,-
RPS4X,P62701,homo sapien,genomic,Huh7.5,24,Flynn,Protien RNA,-
RPS4X,P62701,homo sapien,genomic,Huh7.5,48,Flynn,Protien RNA,-
RPS4X,P62701,homo sapien,genomic,VeroE6,24,Flynn,Protien RNA,-
RPS4X,P62701,homo sapien,genomic,VeroE6,48,Flynn,Protien RNA,-
RRBP1,Q9P2E9,homo sapien,genomic,Huh7.5,24,Flynn,Protien RNA,-
RRBP1,Q9P2E9,homo sapien,genomic,Huh7.5,48,Flynn,Protien RNA,-
RRBP1,Q9P2E9,homo sapien,genomic,VeroE6,24,Flynn,Protien RNA,-
RTCB,Q9Y3I0,homo sapien,genomic,Huh7.5,48,Flynn,Protien RNA,-
RTCB,Q9Y3I0,homo sapien,genomic,VeroE6,48,Flynn,Protien RNA,-
SAFB,Q15424,homo sapien,genomic,VeroE6,24,Flynn,Protien RNA,-
SAFB,Q15424,homo sapien,genomic,VeroE6,48,Flynn,Protien RNA,-
SAFB2,Q14151,homo sapien,genomic,VeroE6,24,Flynn,Protien RNA,-
SAFB2,Q14151,homo sapien,genomic,VeroE6,48,Flynn,Protien RNA,-
SARNP,P82979,homo sapien,genomic,Huh7.5,24,Flynn,Protien RNA,-
SARNP,P82979,homo sapien,genomic,Huh7.5,48,Flynn,Protien RNA,-
SEPTIN2,Q15019,homo sapien,genomic,Huh7.5,48,Flynn,Protien RNA,-
SEPTIN2,Q15019,homo sapien,genomic,VeroE6,48,Flynn,Protien RNA,-
RJW100,Q15637,homo sapien,SF1,-,SF1,Flynn,Protien Drug,False
SF1,Q15637,homo sapien,genomic,VeroE6,24,Flynn,Protien RNA,-
SFPQ,P23246,homo sapien,genomic,Huh7.5,24,Flynn,Protien RNA,-
SFPQ,P23246,homo sapien,genomic,Huh7.5,48,Flynn,Protien RNA,-
SFPQ,P23246,homo sapien,genomic,VeroE6,24,Flynn,Protien RNA,-
SFPQ,P23246,homo sapien,genomic,VeroE6,48,Flynn,Protien RNA,-
SLTM,Q9NWH9,homo sapien,genomic,VeroE6,24,Flynn,Protien RNA,-
SLTM,Q9NWH9,homo sapien,genomic,VeroE6,48,Flynn,Protien RNA,-
SND1,Q7KZF4,homo sapien,genomic,Huh7.5,48,Flynn,Protien RNA,-
SND1,Q7KZF4,homo sapien,genomic,VeroE6,24,Flynn,Protien RNA,-
SND1,Q7KZF4,homo sapien,genomic,VeroE6,48,Flynn,Protien RNA,-
SNRNP200,O75643,homo sapien,genomic,VeroE6,24,Flynn,Protien RNA,-
SNRNP200,O75643,homo sapien,genomic,VeroE6,48,Flynn,Protien RNA,-
SQSTM1,Q13501,homo sapien,genomic,VeroE6,24,Flynn,Protien RNA,-
SRSF1,Q07955,homo sapien,genomic,Huh7.5,24,Flynn,Protien RNA,-
SRSF1,Q07955,homo sapien,genomic,Huh7.5,48,Flynn,Protien RNA,-
SRSF1,Q07955,homo sapien,genomic,VeroE6,24,Flynn,Protien RNA,-
SRSF1,Q07955,homo sapien,genomic,VeroE6,48,Flynn,Protien RNA,-
SRSF2,Q01130,homo sapien,genomic,Huh7.5,24,Flynn,Protien RNA,-
SRSF2,Q01130,homo sapien,genomic,Huh7.5,48,Flynn,Protien RNA,-
SRSF2,Q01130,homo sapien,genomic,VeroE6,24,Flynn,Protien RNA,-
SRSF2,Q01130,homo sapien,genomic,VeroE6,48,Flynn,Protien RNA,-
SRSF3,P84103,homo sapien,genomic,Huh7.5,48,Flynn,Protien RNA,-
SRSF3,P84103,homo sapien,genomic,VeroE6,24,Flynn,Protien RNA,-
SRSF6,Q13247,homo sapien,genomic,Huh7.5,24,Flynn,Protien RNA,-
SRSF6,Q13247,homo sapien,genomic,Huh7.5,48,Flynn,Protien RNA,-
SRSF6,Q13247,homo sapien,genomic,VeroE6,24,Flynn,Protien RNA,-
SRSF6,Q13247,homo sapien,genomic,VeroE6,48,Flynn,Protien RNA,-
SRSF7,Q16629,homo sapien,genomic,Huh7.5,24,Flynn,Protien RNA,-
SRSF7,Q16629,homo sapien,genomic,Huh7.5,48,Flynn,Protien RNA,-
SRSF7,Q16629,homo sapien,genomic,VeroE6,24,Flynn,Protien RNA,-
SRSF9,Q13242,homo sapien,genomic,Huh7.5,48,Flynn,Protien RNA,-
SRSF9,Q13242,homo sapien,genomic,VeroE6,24,Flynn,Protien RNA,-
SRSF9,Q13242,homo sapien,genomic,VeroE6,48,Flynn,Protien RNA,-
STAT1,P42224,homo sapien,genomic,VeroE6,24,Flynn,Protien RNA,-
STAT1,P42224,homo sapien,genomic,VeroE6,48,Flynn,Protien RNA,-
SUGP2,Q8IX01,homo sapien,genomic,Huh7.5,48,Flynn,Protien RNA,-
SUGP2,Q8IX01,homo sapien,genomic,VeroE6,24,Flynn,Protien RNA,-
SUGP2,Q8IX01,homo sapien,genomic,VeroE6,48,Flynn,Protien RNA,-
SYNCRIP,O60506,homo sapien,genomic,Huh7.5,48,Flynn,Protien RNA,-
SYNCRIP,O60506,homo sapien,genomic,VeroE6,24,Flynn,Protien RNA,-
SYNCRIP,O60506,homo sapien,genomic,VeroE6,48,Flynn,Protien RNA,-
TAF15,Q92804,homo sapien,genomic,VeroE6,24,Flynn,Protien RNA,-
TAF15,Q92804,homo sapien,genomic,VeroE6,48,Flynn,Protien RNA,-
TARDBP,Q13148,homo sapien,genomic,Huh7.5,24,Flynn,Protien RNA,-
TARDBP,Q13148,homo sapien,genomic,Huh7.5,48,Flynn,Protien RNA,-
THRAP3,Q9Y2W1,homo sapien,genomic,VeroE6,24,Flynn,Protien RNA,-
THRAP3,Q9Y2W1,homo sapien,genomic,VeroE6,48,Flynn,Protien RNA,-
TIA1,P31483,homo sapien,genomic,Huh7.5,24,Flynn,Protien RNA,-
TIA1,P31483,homo sapien,genomic,Huh7.5,48,Flynn,Protien RNA,-
TIA1,P31483,homo sapien,genomic,VeroE6,24,Flynn,Protien RNA,-
TIA1,P31483,homo sapien,genomic,VeroE6,48,Flynn,Protien RNA,-
TIAL1,Q01085,homo sapien,genomic,VeroE6,24,Flynn,Protien RNA,-
TIAL1,Q01085,homo sapien,genomic,VeroE6,48,Flynn,Protien RNA,-
TLN1,Q9Y490,homo sapien,genomic,VeroE6,24,Flynn,Protien RNA,-
TLN1,Q9Y490,homo sapien,genomic,VeroE6,48,Flynn,Protien RNA,-
TNPO1,Q92973,homo sapien,genomic,VeroE6,24,Flynn,Protien RNA,-
TNPO1,Q92973,homo sapien,genomic,VeroE6,48,Flynn,Protien RNA,-
TRA2A,Q13595,homo sapien,genomic,Huh7.5,48,Flynn,Protien RNA,-
TRA2A,Q13595,homo sapien,genomic,VeroE6,24,Flynn,Protien RNA,-
TRA2A,Q13595,homo sapien,genomic,VeroE6,48,Flynn,Protien RNA,-
TRA2B,P62995,homo sapien,genomic,Huh7.5,24,Flynn,Protien RNA,-
TRA2B,P62995,homo sapien,genomic,Huh7.5,48,Flynn,Protien RNA,-
TRA2B,P62995,homo sapien,genomic,VeroE6,24,Flynn,Protien RNA,-
TRA2B,P62995,homo sapien,genomic,VeroE6,48,Flynn,Protien RNA,-
TRIM28,Q13263,homo sapien,genomic,VeroE6,24,Flynn,Protien RNA,-
U2AF2,P26368,homo sapien,genomic,VeroE6,24,Flynn,Protien RNA,-
USO1,O60763,homo sapien,genomic,Huh7.5,48,Flynn,Protien RNA,-
USO1,O60763,homo sapien,genomic,VeroE6,48,Flynn,Protien RNA,-
VIM,P08670,homo sapien,genomic,VeroE6,48,Flynn,Protien RNA,-
XRN2,Q9H0D6,homo sapien,genomic,VeroE6,24,Flynn,Protien RNA,-
XRN2,Q9H0D6,homo sapien,genomic,VeroE6,48,Flynn,Protien RNA,-
YBX1,P67809,homo sapien,genomic,Huh7.5,24,Flynn,Protien RNA,-
YBX1,P67809,homo sapien,genomic,Huh7.5,48,Flynn,Protien RNA,-
YBX3,P16989,homo sapien,genomic,Huh7.5,48,Flynn,Protien RNA,-
YBX3,P16989,homo sapien,genomic,VeroE6,24,Flynn,Protien RNA,-
YBX3,P16989,homo sapien,genomic,VeroE6,48,Flynn,Protien RNA,-
YLPM1,P49750,homo sapien,genomic,VeroE6,24,Flynn,Protien RNA,-
YLPM1,P49750,homo sapien,genomic,VeroE6,48,Flynn,Protien RNA,-
ZC3HAV1,Q7Z2W4,homo sapien,genomic,Huh7.5,48,Flynn,Protien RNA,-
ZC3HAV1,Q7Z2W4,homo sapien,genomic,VeroE6,24,Flynn,Protien RNA,-
ZC3HAV1,Q7Z2W4,homo sapien,genomic,VeroE6,48,Flynn,Protien RNA,-
ZCCHC3,Q9NUD5,homo sapien,genomic,Huh7.5,24,Flynn,Protien RNA,-
ZCCHC3,Q9NUD5,homo sapien,genomic,Huh7.5,48,Flynn,Protien RNA,-
ZFR,Q96KR1,homo sapien,genomic,VeroE6,24,Flynn,Protien RNA,-
ZFR,Q96KR1,homo sapien,genomic,VeroE6,48,Flynn,Protien RNA,-
ZNF326,Q5BKZ1,homo sapien,genomic,Huh7.5,48,Flynn,Protien RNA,-
ZNF326,Q5BKZ1,homo sapien,genomic,VeroE6,24,Flynn,Protien RNA,-
ZNF326,Q5BKZ1,homo sapien,genomic,VeroE6,48,Flynn,Protien RNA,-
ZNF638,Q14966,homo sapien,genomic,Huh7.5,24,Flynn,Protien RNA,-
ZNF638,Q14966,homo sapien,genomic,VeroE6,24,Flynn,Protien RNA,-
ZNF638,Q14966,homo sapien,genomic,VeroE6,48,Flynn,Protien RNA,-
ANO10,Q9NW15,homo sapien,genomic,VeroE6,8,Sherer,Protien RNA,-
ATP2B1,P20020,homo sapien,genomic,VeroE6,8,Sherer,Protien RNA,-
CBX8,Q9HC52,homo sapien,genomic,VeroE6,8,Sherer,Protien RNA,-
CLPP,Q16740,homo sapien,genomic,VeroE6,8,Sherer,Protien RNA,-
CSDE1,O75534,homo sapien,genomic,VeroE6,8,Sherer,Protien RNA,-
DDX50,Q9BQ39,homo sapien,genomic,VeroE6,8,Sherer,Protien RNA,-
DEK,P35659,homo sapien,genomic,VeroE6,8,Sherer,Protien RNA,-
EHHADH,Q08426,homo sapien,genomic,VeroE6,8,Sherer,Protien RNA,-
EIF3B,P55884,homo sapien,genomic,VeroE6,8,Sherer,Protien RNA,-
EIF4G2,P78344,homo sapien,genomic,VeroE6,8,Sherer,Protien RNA,-
ELP3,Q9H9T3,homo sapien,genomic,VeroE6,8,Sherer,Protien RNA,-
FAM136A,Q96C01,homo sapien,genomic,VeroE6,8,Sherer,Protien RNA,-
FAT1,Q14517,homo sapien,genomic,VeroE6,8,Sherer,Protien RNA,-
FLII,Q13045,homo sapien,genomic,VeroE6,8,Sherer,Protien RNA,-
pemetrexed,P22102,homo sapien,GART,-,GART,Sherer,Protien Drug,True
GART,P22102,homo sapien,genomic,VeroE6,8,Sherer,Protien RNA,-
HSPG2,P98160,homo sapien,genomic,VeroE6,8,Sherer,Protien RNA,-
LEMD2,Q8NC56,homo sapien,genomic,VeroE6,8,Sherer,Protien RNA,-
ME2,P23368,homo sapien,genomic,VeroE6,8,Sherer,Protien RNA,-
NCAPD2,Q15021,homo sapien,genomic,VeroE6,8,Sherer,Protien RNA,-
NCLN,Q969V3,homo sapien,genomic,VeroE6,8,Sherer,Protien RNA,-
NOL6,Q9H6R4,homo sapien,genomic,VeroE6,8,Sherer,Protien RNA,-
PPP1R13L,Q8WUF5,homo sapien,genomic,VeroE6,8,Sherer,Protien RNA,-
RBM10,P98175,homo sapien,genomic,VeroE6,8,Sherer,Protien RNA,-
RPS17,P08708,homo sapien,genomic,VeroE6,8,Sherer,Protien RNA,-
SEC23A,Q15436,homo sapien,genomic,VeroE6,8,Sherer,Protien RNA,-
SNX1,Q13596,homo sapien,genomic,VeroE6,8,Sherer,Protien RNA,-
SPRR2E,P22531,homo sapien,genomic,VeroE6,8,Sherer,Protien RNA,-
TIMM50,Q3ZCQ8,homo sapien,genomic,VeroE6,8,Sherer,Protien RNA,-
TMEM245,Q9H330,homo sapien,genomic,VeroE6,8,Sherer,Protien RNA,-
TNPO1,Q92973,homo sapien,genomic,VeroE6,8,Sherer,Protien RNA,-
WDR6,Q9NNW5,homo sapien,genomic,VeroE6,8,Sherer,Protien RNA,-
ACP1,P24666,homo sapien,genomic,VeroE6,24,Sherer,Protien RNA,-
APMAP,Q9HDC9,homo sapien,genomic,VeroE6,24,Sherer,Protien RNA,-
ASCC3,Q8N3C0,homo sapien,genomic,VeroE6,24,Sherer,Protien RNA,-
CAPG,P40121,homo sapien,genomic,VeroE6,24,Sherer,Protien RNA,-
CNBP,P62633,homo sapien,genomic,VeroE6,24,Sherer,Protien RNA,-
CS,O75390,homo sapien,genomic,VeroE6,24,Sherer,Protien RNA,-
DTYMK,P23919,homo sapien,genomic,VeroE6,24,Sherer,Protien RNA,-
GOLM1,Q8NBJ4,homo sapien,genomic,VeroE6,24,Sherer,Protien RNA,-
H1-0,P07305,homo sapien,genomic,VeroE6,24,Sherer,Protien RNA,-
HIP1,O00291,homo sapien,genomic,VeroE6,24,Sherer,Protien RNA,-
HSD17B11,Q8NBQ5,homo sapien,genomic,VeroE6,24,Sherer,Protien RNA,-
MAP1B,P46821,homo sapien,genomic,VeroE6,24,Sherer,Protien RNA,-
MRPL17,Q9NRX2,homo sapien,genomic,VeroE6,24,Sherer,Protien RNA,-
compound 2e [PMID: 19013076],P0DTC9,homo sapien,N,-,N,Sherer,Protien Drug,False
N,P0DTC9,homo sapien,genomic,VeroE6,24,Sherer,Protien RNA,-
NOP58,Q9Y2X3,homo sapien,genomic,VeroE6,24,Sherer,Protien RNA,-
NUP98,P52948,homo sapien,genomic,VeroE6,24,Sherer,Protien RNA,-
OAS3,Q9Y6K5,homo sapien,genomic,VeroE6,24,Sherer,Protien RNA,-
PLCB3,Q01970,homo sapien,genomic,VeroE6,24,Sherer,Protien RNA,-
PLXNB2,O15031,homo sapien,genomic,VeroE6,24,Sherer,Protien RNA,-
PPP1R12A,O14974,homo sapien,genomic,VeroE6,24,Sherer,Protien RNA,-
RAP1A,P62834,homo sapien,genomic,VeroE6,24,Sherer,Protien RNA,-
RBM27,Q9P2N5,homo sapien,genomic,VeroE6,24,Sherer,Protien RNA,-
RPL24,P83731,homo sapien,genomic,VeroE6,24,Sherer,Protien RNA,-
RPTOR,Q8N122,homo sapien,genomic,VeroE6,24,Sherer,Protien RNA,-
STIM1,Q13586,homo sapien,genomic,VeroE6,24,Sherer,Protien RNA,-
TRMT1,Q9NXH9,homo sapien,genomic,VeroE6,24,Sherer,Protien RNA,-
ABCF2,Q9UG63,homo sapien,S,VeroE6,8,Sherer,Protien RNA,-
ACACA,Q13085,homo sapien,S,VeroE6,8,Sherer,Protien RNA,-
ACADS,P16219,homo sapien,S,VeroE6,8,Sherer,Protien RNA,-
ACIN1,Q9UKV3,homo sapien,S,VeroE6,8,Sherer,Protien RNA,-
ACOT9,Q9Y305,homo sapien,S,VeroE6,8,Sherer,Protien RNA,-
AIMP1,Q12904,homo sapien,S,VeroE6,8,Sherer,Protien RNA,-
AKR1A1,P14550,homo sapien,S,VeroE6,8,Sherer,Protien RNA,-
AP3S1,Q92572,homo sapien,S,VeroE6,8,Sherer,Protien RNA,-
BCL2L1,Q07817,homo sapien,S,VeroE6,8,Sherer,Protien RNA,-
BLVRA,P53004,homo sapien,S,VeroE6,8,Sherer,Protien RNA,-
CAPN2,P17655,homo sapien,S,VeroE6,8,Sherer,Protien RNA,-
CLUH,O75153,homo sapien,S,VeroE6,8,Sherer,Protien RNA,-
COL19A1,Q14993,homo sapien,S,VeroE6,8,Sherer,Protien RNA,-
COL1A2,P08123,homo sapien,S,VeroE6,8,Sherer,Protien RNA,-
CRYBG1,Q9Y4K1,homo sapien,S,VeroE6,8,Sherer,Protien RNA,-
EIF1AX,P47813,homo sapien,S,VeroE6,8,Sherer,Protien RNA,-
EIF5B,O60841,homo sapien,S,VeroE6,8,Sherer,Protien RNA,-
ETHE1,O95571,homo sapien,S,VeroE6,8,Sherer,Protien RNA,-
GNAI3,P08754,homo sapien,S,VeroE6,8,Sherer,Protien RNA,-
H1-5,P16401,homo sapien,S,VeroE6,8,Sherer,Protien RNA,-
HGS,O14964,homo sapien,S,VeroE6,8,Sherer,Protien RNA,-
HP1BP3,Q5SSJ5,homo sapien,S,VeroE6,8,Sherer,Protien RNA,-
IGF2BP2,Q9Y6M1,homo sapien,S,VeroE6,8,Sherer,Protien RNA,-
IGHA1,P01876,homo sapien,S,VeroE6,8,Sherer,Protien RNA,-
INTS7,Q9NVH2,homo sapien,S,VeroE6,8,Sherer,Protien RNA,-
KHSRP,Q92945,homo sapien,S,VeroE6,8,Sherer,Protien RNA,-
LIG1,P18858,homo sapien,S,VeroE6,8,Sherer,Protien RNA,-
MAGOH,P61326,homo sapien,S,VeroE6,8,Sherer,Protien RNA,-
MCM3,P25205,homo sapien,S,VeroE6,8,Sherer,Protien RNA,-
MLEC,Q14165,homo sapien,S,VeroE6,8,Sherer,Protien RNA,-
MOB1A,Q9H8S9,homo sapien,S,VeroE6,8,Sherer,Protien RNA,-
MPDZ,O75970,homo sapien,S,VeroE6,8,Sherer,Protien RNA,-
MRPS18A,Q9NVS2,homo sapien,S,VeroE6,8,Sherer,Protien RNA,-
MSH6,P52701,homo sapien,S,VeroE6,8,Sherer,Protien RNA,-
NDUFB4,O95168,homo sapien,S,VeroE6,8,Sherer,Protien RNA,-
NOL11,Q9H8H0,homo sapien,S,VeroE6,8,Sherer,Protien RNA,-
NXF1,Q9UBU9,homo sapien,S,VeroE6,8,Sherer,Protien RNA,-
PABPC1,P11940,homo sapien,S,VeroE6,8,Sherer,Protien RNA,-
PHF6,Q8IWS0,homo sapien,S,VeroE6,8,Sherer,Protien RNA,-
PHGDH,O43175,homo sapien,S,VeroE6,8,Sherer,Protien RNA,-
PHLDB1,Q86UU1,homo sapien,S,VeroE6,8,Sherer,Protien RNA,-
PIP,P12273,homo sapien,S,VeroE6,8,Sherer,Protien RNA,-
PMPCB,O75439,homo sapien,S,VeroE6,8,Sherer,Protien RNA,-
PSMC6,P62333,homo sapien,S,VeroE6,8,Sherer,Protien RNA,-
PSMD1,Q99460,homo sapien,S,VeroE6,8,Sherer,Protien RNA,-
PSMD12,O00232,homo sapien,S,VeroE6,8,Sherer,Protien RNA,-
PUF60,Q9UHX1,homo sapien,S,VeroE6,8,Sherer,Protien RNA,-
RECQL,P46063,homo sapien,S,VeroE6,8,Sherer,Protien RNA,-
RPL22,P35268,homo sapien,S,VeroE6,8,Sherer,Protien RNA,-
RPL26,P61254,homo sapien,S,VeroE6,8,Sherer,Protien RNA,-
RPL27A,P46776,homo sapien,S,VeroE6,8,Sherer,Protien RNA,-
RRM1,P23921,homo sapien,S,VeroE6,8,Sherer,Protien RNA,-
RRP9,O43818,homo sapien,S,VeroE6,8,Sherer,Protien RNA,-
S100A11,P31949,homo sapien,S,VeroE6,8,Sherer,Protien RNA,-
SCAMP1,O15126,homo sapien,S,VeroE6,8,Sherer,Protien RNA,-
SDCBP,O00560,homo sapien,S,VeroE6,8,Sherer,Protien RNA,-
SEC22B,O75396,homo sapien,S,VeroE6,8,Sherer,Protien RNA,-
SFXN1,Q9H9B4,homo sapien,S,VeroE6,8,Sherer,Protien RNA,-
SNX27,Q96L92,homo sapien,S,VeroE6,8,Sherer,Protien RNA,-
SRBD1,Q8N5C6,homo sapien,S,VeroE6,8,Sherer,Protien RNA,-
STRN4,Q9NRL3,homo sapien,S,VeroE6,8,Sherer,Protien RNA,-
TGM1,P22735,homo sapien,S,VeroE6,8,Sherer,Protien RNA,-
TMOD3,Q9NYL9,homo sapien,S,VeroE6,8,Sherer,Protien RNA,-
TNPO2,O14787,homo sapien,S,VeroE6,8,Sherer,Protien RNA,-
TNPO3,Q9Y5L0,homo sapien,S,VeroE6,8,Sherer,Protien RNA,-
UBA52,P62987,homo sapien,S,VeroE6,8,Sherer,Protien RNA,-
UFC1,Q9Y3C8,homo sapien,S,VeroE6,8,Sherer,Protien RNA,-
USP9X,Q93008,homo sapien,S,VeroE6,8,Sherer,Protien RNA,-
UTP20,O75691,homo sapien,S,VeroE6,8,Sherer,Protien RNA,-
VAPA,Q9P0L0,homo sapien,S,VeroE6,8,Sherer,Protien RNA,-
VPS13C,Q709C8,homo sapien,S,VeroE6,8,Sherer,Protien RNA,-
WDR7,Q9Y4E6,homo sapien,S,VeroE6,8,Sherer,Protien RNA,-
ZPR1,O75312,homo sapien,S,VeroE6,8,Sherer,Protien RNA,-
AGK,Q53H12,homo sapien,S,VeroE6,24,Sherer,Protien RNA,-
CANX,P27824,homo sapien,S,VeroE6,24,Sherer,Protien RNA,-
CNN2,Q99439,homo sapien,S,VeroE6,24,Sherer,Protien RNA,-
CTTN,Q14247,homo sapien,S,VeroE6,24,Sherer,Protien RNA,-
DNAJB11,Q9UBS4,homo sapien,S,VeroE6,24,Sherer,Protien RNA,-
EMG1,Q92979,homo sapien,S,VeroE6,24,Sherer,Protien RNA,-
GIT1,Q9Y2X7,homo sapien,S,VeroE6,24,Sherer,Protien RNA,-
GPD2,P43304,homo sapien,S,VeroE6,24,Sherer,Protien RNA,-
GPI,P06744,homo sapien,S,VeroE6,24,Sherer,Protien RNA,-
HDLBP,Q00341,homo sapien,S,VeroE6,24,Sherer,Protien RNA,-
IRS2,Q9Y4H2,homo sapien,S,VeroE6,24,Sherer,Protien RNA,-
IVNS1ABP,Q9Y6Y0,homo sapien,S,VeroE6,24,Sherer,Protien RNA,-
MEMO1,Q9Y316,homo sapien,S,VeroE6,24,Sherer,Protien RNA,-
MRPL16,Q9NX20,homo sapien,S,VeroE6,24,Sherer,Protien RNA,-
MTCH2,Q9Y6C9,homo sapien,S,VeroE6,24,Sherer,Protien RNA,-
PCBP2,Q15366,homo sapien,S,VeroE6,24,Sherer,Protien RNA,-
PDLIM5,Q96HC4,homo sapien,S,VeroE6,24,Sherer,Protien RNA,-
PSMD12,O00232,homo sapien,S,VeroE6,24,Sherer,Protien RNA,-
compound 30 [PMID: 23414845],Q05397,homo sapien,PTK2,-,PTK2,Sherer,Protien Drug,False
ENMD-2076,Q05397,homo sapien,PTK2,-,PTK2,Sherer,Protien Drug,False
VS-4718,Q05397,homo sapien,PTK2,-,PTK2,Sherer,Protien Drug,False
PF-562271,Q05397,homo sapien,PTK2,-,PTK2,Sherer,Protien Drug,False
NVP-TAE 226,Q05397,homo sapien,PTK2,-,PTK2,Sherer,Protien Drug,False
CEP-37440,Q05397,homo sapien,PTK2,-,PTK2,Sherer,Protien Drug,False
conteltinib,Q05397,homo sapien,PTK2,-,PTK2,Sherer,Protien Drug,False
PTK2,Q05397,homo sapien,S,VeroE6,24,Sherer,Protien RNA,-
QKI,Q96PU8,homo sapien,S,VeroE6,24,Sherer,Protien RNA,-
leucettine L41,Q06609,homo sapien,RAD51,-,RAD51,Sherer,Protien Drug,False
RAD51,Q06609,homo sapien,S,VeroE6,24,Sherer,Protien RNA,-
RPL23,P62829,homo sapien,S,VeroE6,24,Sherer,Protien RNA,-
RPS25,P62851,homo sapien,S,VeroE6,24,Sherer,Protien RNA,-
SLC25A10,Q9UBX3,homo sapien,S,VeroE6,24,Sherer,Protien RNA,-
STIM1,Q13586,homo sapien,S,VeroE6,24,Sherer,Protien RNA,-
SUCLG1,P53597,homo sapien,S,VeroE6,24,Sherer,Protien RNA,-
TMEM33,P57088,homo sapien,S,VeroE6,24,Sherer,Protien RNA,-
ACAA1,P09110,homo sapien,ORF8,VeroE6,8,Sherer,Protien RNA,-
ACIN1,Q9UKV3,homo sapien,ORF8,VeroE6,8,Sherer,Protien RNA,-
AK1,P00568,homo sapien,ORF8,VeroE6,8,Sherer,Protien RNA,-
ALKBH5,Q6P6C2,homo sapien,ORF8,VeroE6,8,Sherer,Protien RNA,-
APMAP,Q9HDC9,homo sapien,ORF8,VeroE6,8,Sherer,Protien RNA,-
ARMC1,Q9NVT9,homo sapien,ORF8,VeroE6,8,Sherer,Protien RNA,-
BCL2L1,Q07817,homo sapien,ORF8,VeroE6,8,Sherer,Protien RNA,-
BCLAF1,Q9NYF8,homo sapien,ORF8,VeroE6,8,Sherer,Protien RNA,-
C11orf68,Q9H3H3,homo sapien,ORF8,VeroE6,8,Sherer,Protien RNA,-
CCT7,Q99832,homo sapien,ORF8,VeroE6,8,Sherer,Protien RNA,-
COX6C,P09669,homo sapien,ORF8,VeroE6,8,Sherer,Protien RNA,-
CPSF3,Q9UKF6,homo sapien,ORF8,VeroE6,8,Sherer,Protien RNA,-
CSNK1A1,P48729,homo sapien,ORF8,VeroE6,8,Sherer,Protien RNA,-
CTNNB1,P35222,homo sapien,ORF8,VeroE6,8,Sherer,Protien RNA,-
CUL3,Q13618,homo sapien,ORF8,VeroE6,8,Sherer,Protien RNA,-
CYP27A1,Q02318,homo sapien,ORF8,VeroE6,8,Sherer,Protien RNA,-
DDOST,P39656,homo sapien,ORF8,VeroE6,8,Sherer,Protien RNA,-
DDX54,Q8TDD1,homo sapien,ORF8,VeroE6,8,Sherer,Protien RNA,-
DHCR7,Q9UBM7,homo sapien,ORF8,VeroE6,8,Sherer,Protien RNA,-
DHX30,Q7L2E3,homo sapien,ORF8,VeroE6,8,Sherer,Protien RNA,-
DIS3,Q9Y2L1,homo sapien,ORF8,VeroE6,8,Sherer,Protien RNA,-
DLST,P36957,homo sapien,ORF8,VeroE6,8,Sherer,Protien RNA,-
EIF2A,Q9BY44,homo sapien,ORF8,VeroE6,8,Sherer,Protien RNA,-
ELAVL1,Q15717,homo sapien,ORF8,VeroE6,8,Sherer,Protien RNA,-
ELP1,O95163,homo sapien,ORF8,VeroE6,8,Sherer,Protien RNA,-
EMC1,Q8N766,homo sapien,ORF8,VeroE6,8,Sherer,Protien RNA,-
EMD,P50402,homo sapien,ORF8,VeroE6,8,Sherer,Protien RNA,-
EPN2,O95208,homo sapien,ORF8,VeroE6,8,Sherer,Protien RNA,-
EXOSC2,Q13868,homo sapien,ORF8,VeroE6,8,Sherer,Protien RNA,-
FAM120A,Q9NZB2,homo sapien,ORF8,VeroE6,8,Sherer,Protien RNA,-
FARSA,Q9Y285,homo sapien,ORF8,VeroE6,8,Sherer,Protien RNA,-
FKBP11,Q9NYL4,homo sapien,ORF8,VeroE6,8,Sherer,Protien RNA,-
FN1,P02751,homo sapien,ORF8,VeroE6,8,Sherer,Protien RNA,-
FXR2,P51116,homo sapien,ORF8,VeroE6,8,Sherer,Protien RNA,-
GGT1,P19440,homo sapien,ORF8,VeroE6,8,Sherer,Protien RNA,-
GLS,O94925,homo sapien,ORF8,VeroE6,8,Sherer,Protien RNA,-
GNAI3,P08754,homo sapien,ORF8,VeroE6,8,Sherer,Protien RNA,-
GSPT1,P15170,homo sapien,ORF8,VeroE6,8,Sherer,Protien RNA,-
HADHA,P40939,homo sapien,ORF8,VeroE6,8,Sherer,Protien RNA,-
HP1BP3,Q5SSJ5,homo sapien,ORF8,VeroE6,8,Sherer,Protien RNA,-
enasidenib,P48735,homo sapien,IDH2,-,IDH2,Sherer,Protien Drug,True
vorasidenib,P48735,homo sapien,IDH2,-,IDH2,Sherer,Protien Drug,False
IDH2,P48735,homo sapien,ORF8,VeroE6,8,Sherer,Protien RNA,-
INTS7,Q9NVH2,homo sapien,ORF8,VeroE6,8,Sherer,Protien RNA,-
KHSRP,Q92945,homo sapien,ORF8,VeroE6,8,Sherer,Protien RNA,-
LMNB2,Q03252,homo sapien,ORF8,VeroE6,8,Sherer,Protien RNA,-
LONP1,P36776,homo sapien,ORF8,VeroE6,8,Sherer,Protien RNA,-
LRRC47,Q8N1G4,homo sapien,ORF8,VeroE6,8,Sherer,Protien RNA,-
pecazine,Q9UDY8,homo sapien,MALT1,-,MALT1,Sherer,Protien Drug,True
MALT1,Q9UDY8,homo sapien,ORF8,VeroE6,8,Sherer,Protien RNA,-
MVP,Q14764,homo sapien,ORF8,VeroE6,8,Sherer,Protien RNA,-
MYEF2,Q9P2K5,homo sapien,ORF8,VeroE6,8,Sherer,Protien RNA,-
MYLK,Q15746,homo sapien,ORF8,VeroE6,8,Sherer,Protien RNA,-
NAA10,P41227,homo sapien,ORF8,VeroE6,8,Sherer,Protien RNA,-
NCAM1,P13591,homo sapien,ORF8,VeroE6,8,Sherer,Protien RNA,-
NCAPG,Q9BPX3,homo sapien,ORF8,VeroE6,8,Sherer,Protien RNA,-
NDUFB4,O95168,homo sapien,ORF8,VeroE6,8,Sherer,Protien RNA,-
NFS1,Q9Y697,homo sapien,ORF8,VeroE6,8,Sherer,Protien RNA,-
NOMO1,Q15155,homo sapien,ORF8,VeroE6,8,Sherer,Protien RNA,-
PAPOLA,P51003,homo sapien,ORF8,VeroE6,8,Sherer,Protien RNA,-
PHYHIPL,Q96FC7,homo sapien,ORF8,VeroE6,8,Sherer,Protien RNA,-
PIP,P12273,homo sapien,ORF8,VeroE6,8,Sherer,Protien RNA,-
PKLR,P30613,homo sapien,ORF8,VeroE6,8,Sherer,Protien RNA,-
PLIN2,Q99541,homo sapien,ORF8,VeroE6,8,Sherer,Protien RNA,-
PRKAA1,Q13131,homo sapien,ORF8,VeroE6,8,Sherer,Protien RNA,-
PSMA6,P60900,homo sapien,ORF8,VeroE6,8,Sherer,Protien RNA,-
RANBP1,P43487,homo sapien,ORF8,VeroE6,8,Sherer,Protien RNA,-
RBM12,Q9NTZ6,homo sapien,ORF8,VeroE6,8,Sherer,Protien RNA,-
RBM25,P49756,homo sapien,ORF8,VeroE6,8,Sherer,Protien RNA,-
RBMX,P38159,homo sapien,ORF8,VeroE6,8,Sherer,Protien RNA,-
compound 3 [PMID: 17942791],Q9Y256,homo sapien,RCE1,-,RCE1,Sherer,Protien Drug,False
CID16197121,Q9Y256,homo sapien,RCE1,-,RCE1,Sherer,Protien Drug,False
RCE1,Q9Y256,homo sapien,ORF8,VeroE6,8,Sherer,Protien RNA,-
RPL23,P62829,homo sapien,ORF8,VeroE6,8,Sherer,Protien RNA,-
RPL36,Q9Y3U8,homo sapien,ORF8,VeroE6,8,Sherer,Protien RNA,-
RPN2,P04844,homo sapien,ORF8,VeroE6,8,Sherer,Protien RNA,-
RPS13,P62277,homo sapien,ORF8,VeroE6,8,Sherer,Protien RNA,-
SACM1L,Q9NTJ5,homo sapien,ORF8,VeroE6,8,Sherer,Protien RNA,-
SF3A1,Q15459,homo sapien,ORF8,VeroE6,8,Sherer,Protien RNA,-
SLC25A10,Q9UBX3,homo sapien,ORF8,VeroE6,8,Sherer,Protien RNA,-
SLC25A13,Q9UJS0,homo sapien,ORF8,VeroE6,8,Sherer,Protien RNA,-
SLC25A32,Q9H2D1,homo sapien,ORF8,VeroE6,8,Sherer,Protien RNA,-
SLTM,Q9NWH9,homo sapien,ORF8,VeroE6,8,Sherer,Protien RNA,-
SMC1A,Q14683,homo sapien,ORF8,VeroE6,8,Sherer,Protien RNA,-
SNRNP40,Q96DI7,homo sapien,ORF8,VeroE6,8,Sherer,Protien RNA,-
SOD2,P04179,homo sapien,ORF8,VeroE6,8,Sherer,Protien RNA,-
SPECC1L,Q69YQ0,homo sapien,ORF8,VeroE6,8,Sherer,Protien RNA,-
SSB,P05455,homo sapien,ORF8,VeroE6,8,Sherer,Protien RNA,-
STAT1,P42224,homo sapien,ORF8,VeroE6,8,Sherer,Protien RNA,-
SUPT16H,Q9Y5B9,homo sapien,ORF8,VeroE6,8,Sherer,Protien RNA,-
THEM6,Q8WUY1,homo sapien,ORF8,VeroE6,8,Sherer,Protien RNA,-
TMEM245,Q9H330,homo sapien,ORF8,VeroE6,8,Sherer,Protien RNA,-
TMX3,Q96JJ7,homo sapien,ORF8,VeroE6,8,Sherer,Protien RNA,-
TOMM40,O96008,homo sapien,ORF8,VeroE6,8,Sherer,Protien RNA,-
TOMM70,O94826,homo sapien,ORF8,VeroE6,8,Sherer,Protien RNA,-
TRRAP,Q9Y4A5,homo sapien,ORF8,VeroE6,8,Sherer,Protien RNA,-
UGDH,O60701,homo sapien,ORF8,VeroE6,8,Sherer,Protien RNA,-
UHRF1,Q96T88,homo sapien,ORF8,VeroE6,8,Sherer,Protien RNA,-
USP9X,Q93008,homo sapien,ORF8,VeroE6,8,Sherer,Protien RNA,-
VDAC2,P45880,homo sapien,ORF8,VeroE6,8,Sherer,Protien RNA,-
VDAC3,Q9Y277,homo sapien,ORF8,VeroE6,8,Sherer,Protien RNA,-
WDR7,Q9Y4E6,homo sapien,ORF8,VeroE6,8,Sherer,Protien RNA,-
YLPM1,P49750,homo sapien,ORF8,VeroE6,8,Sherer,Protien RNA,-
AIDA,Q96BJ3,homo sapien,ORF8,VeroE6,24,Sherer,Protien RNA,-
ANKRD52,Q8NB46,homo sapien,ORF8,VeroE6,24,Sherer,Protien RNA,-
ANLN,Q9NQW6,homo sapien,ORF8,VeroE6,24,Sherer,Protien RNA,-
ASS1,P00966,homo sapien,ORF8,VeroE6,24,Sherer,Protien RNA,-
BCR,P11274,homo sapien,ORF8,VeroE6,24,Sherer,Protien RNA,-
CS,O75390,homo sapien,ORF8,VeroE6,24,Sherer,Protien RNA,-
CUL1,Q13616,homo sapien,ORF8,VeroE6,24,Sherer,Protien RNA,-
EIF3E,P60228,homo sapien,ORF8,VeroE6,24,Sherer,Protien RNA,-
GDI2,P50395,homo sapien,ORF8,VeroE6,24,Sherer,Protien RNA,-
GLS,O94925,homo sapien,ORF8,VeroE6,24,Sherer,Protien RNA,-
JUNB,P17275,homo sapien,ORF8,VeroE6,24,Sherer,Protien RNA,-
LASP1,Q14847,homo sapien,ORF8,VeroE6,24,Sherer,Protien RNA,-
LIN7C,Q9NUP9,homo sapien,ORF8,VeroE6,24,Sherer,Protien RNA,-
LSM7,Q9UK45,homo sapien,ORF8,VeroE6,24,Sherer,Protien RNA,-
MARS2,Q96GW9,homo sapien,ORF8,VeroE6,24,Sherer,Protien RNA,-
MRPS26,Q9BYN8,homo sapien,ORF8,VeroE6,24,Sherer,Protien RNA,-
MTREX,P42285,homo sapien,ORF8,VeroE6,24,Sherer,Protien RNA,-
NOLC1,Q14978,homo sapien,ORF8,VeroE6,24,Sherer,Protien RNA,-
ISA-2011B,Q99755,homo sapien,PIP5K1A,-,PIP5K1A,Sherer,Protien Drug,False
PIP5K1A,Q99755,homo sapien,ORF8,VeroE6,24,Sherer,Protien RNA,-
RAB7A,P51149,homo sapien,ORF8,VeroE6,24,Sherer,Protien RNA,-
SAR1A,Q9NR31,homo sapien,ORF8,VeroE6,24,Sherer,Protien RNA,-
SBDS,Q9Y3A5,homo sapien,ORF8,VeroE6,24,Sherer,Protien RNA,-
STAT3,P40763,homo sapien,ORF8,VeroE6,24,Sherer,Protien RNA,-
SUGP2,Q8IX01,homo sapien,ORF8,VeroE6,24,Sherer,Protien RNA,-
UBE2G2,P60604,homo sapien,ORF8,VeroE6,24,Sherer,Protien RNA,-
USP7,Q93009,homo sapien,ORF8,VeroE6,24,Sherer,Protien RNA,-
WASHC5,Q12768,homo sapien,ORF8,VeroE6,24,Sherer,Protien RNA,-
WFS1,O76024,homo sapien,ORF8,VeroE6,24,Sherer,Protien RNA,-
AACS,Q86V21,homo sapien,N,VeroE6,8,Sherer,Protien RNA,-
WP814,P33527,homo sapien,ABCC1,-,ABCC1,Sherer,Protien Drug,False
compound 14 [PMID: 30925062],P33527,homo sapien,ABCC1,-,ABCC1,Sherer,Protien Drug,False
ABCC1,P33527,homo sapien,N,VeroE6,8,Sherer,Protien RNA,-
ALDH6A1,Q02252,homo sapien,N,VeroE6,8,Sherer,Protien RNA,-
ALYREF,Q86V81,homo sapien,N,VeroE6,8,Sherer,Protien RNA,-
AP2B1,P63010,homo sapien,N,VeroE6,8,Sherer,Protien RNA,-
API5,Q9BZZ5,homo sapien,N,VeroE6,8,Sherer,Protien RNA,-
ARPC3,O15145,homo sapien,N,VeroE6,8,Sherer,Protien RNA,-
ARPC4,P59998,homo sapien,N,VeroE6,8,Sherer,Protien RNA,-
BCR,P11274,homo sapien,N,VeroE6,8,Sherer,Protien RNA,-
BCS1L,Q9Y276,homo sapien,N,VeroE6,8,Sherer,Protien RNA,-
CAPZA1,P52907,homo sapien,N,VeroE6,8,Sherer,Protien RNA,-
CHORDC1,Q9UHD1,homo sapien,N,VeroE6,8,Sherer,Protien RNA,-
CTNNB1,P35222,homo sapien,N,VeroE6,8,Sherer,Protien RNA,-
DDOST,P39656,homo sapien,N,VeroE6,8,Sherer,Protien RNA,-
DDX50,Q9BQ39,homo sapien,N,VeroE6,8,Sherer,Protien RNA,-
pemetrexed,P00374,homo sapien,DHFR,-,DHFR,Sherer,Protien Drug,True
pralatrexate,P00374,homo sapien,DHFR,-,DHFR,Sherer,Protien Drug,True
trimetrexate,P00374,homo sapien,DHFR,-,DHFR,Sherer,Protien Drug,True
compound 9 [PMID: 15615544],P00374,homo sapien,DHFR,-,DHFR,Sherer,Protien Drug,False
iclaprim,P00374,homo sapien,DHFR,-,DHFR,Sherer,Protien Drug,False
diflunisal,P00374,homo sapien,DHFR,-,DHFR,Sherer,Protien Drug,True
methotrexate,P00374,homo sapien,DHFR,-,DHFR,Sherer,Protien Drug,True
DHFR,P00374,homo sapien,N,VeroE6,8,Sherer,Protien RNA,-
EEF1B2,P24534,homo sapien,N,VeroE6,8,Sherer,Protien RNA,-
EIF6,P56537,homo sapien,N,VeroE6,8,Sherer,Protien RNA,-
ELAVL1,Q15717,homo sapien,N,VeroE6,8,Sherer,Protien RNA,-
ELOVL5,Q9NYP7,homo sapien,N,VeroE6,8,Sherer,Protien RNA,-
ESD,P10768,homo sapien,N,VeroE6,8,Sherer,Protien RNA,-
EZR,P15311,homo sapien,N,VeroE6,8,Sherer,Protien RNA,-
FAF2,Q96CS3,homo sapien,N,VeroE6,8,Sherer,Protien RNA,-
FAM120A,Q9NZB2,homo sapien,N,VeroE6,8,Sherer,Protien RNA,-
FANCI,Q9NVI1,homo sapien,N,VeroE6,8,Sherer,Protien RNA,-
GGT1,P19440,homo sapien,N,VeroE6,8,Sherer,Protien RNA,-
GLS,O94925,homo sapien,N,VeroE6,8,Sherer,Protien RNA,-
GNAI3,P08754,homo sapien,N,VeroE6,8,Sherer,Protien RNA,-
HADHA,P40939,homo sapien,N,VeroE6,8,Sherer,Protien RNA,-
HGS,O14964,homo sapien,N,VeroE6,8,Sherer,Protien RNA,-
HMGB1,P09429,homo sapien,N,VeroE6,8,Sherer,Protien RNA,-
HSPA14,Q0VDF9,homo sapien,N,VeroE6,8,Sherer,Protien RNA,-
IGHA1,P01876,homo sapien,N,VeroE6,8,Sherer,Protien RNA,-
INTS7,Q9NVH2,homo sapien,N,VeroE6,8,Sherer,Protien RNA,-
LRRC47,Q8N1G4,homo sapien,N,VeroE6,8,Sherer,Protien RNA,-
MIF,P14174,homo sapien,N,VeroE6,8,Sherer,Protien RNA,-
MLEC,Q14165,homo sapien,N,VeroE6,8,Sherer,Protien RNA,-
MRPS10,P82664,homo sapien,N,VeroE6,8,Sherer,Protien RNA,-
NCAM1,P13591,homo sapien,N,VeroE6,8,Sherer,Protien RNA,-
NCKAP1,Q9Y2A7,homo sapien,N,VeroE6,8,Sherer,Protien RNA,-
NELFB,Q8WX92,homo sapien,N,VeroE6,8,Sherer,Protien RNA,-
NOL6,Q9H6R4,homo sapien,N,VeroE6,8,Sherer,Protien RNA,-
NUMA1,Q14980,homo sapien,N,VeroE6,8,Sherer,Protien RNA,-
AG14361,P09874,homo sapien,PARP1,-,PARP1,Sherer,Protien Drug,False
rucaparib,P09874,homo sapien,PARP1,-,PARP1,Sherer,Protien Drug,True
olaparib,P09874,homo sapien,PARP1,-,PARP1,Sherer,Protien Drug,True
niraparib,P09874,homo sapien,PARP1,-,PARP1,Sherer,Protien Drug,True
ME0328,P09874,homo sapien,PARP1,-,PARP1,Sherer,Protien Drug,False
compound 10b [PMID: 26222319],P09874,homo sapien,PARP1,-,PARP1,Sherer,Protien Drug,False
talazoparib,P09874,homo sapien,PARP1,-,PARP1,Sherer,Protien Drug,True
MC2050,P09874,homo sapien,PARP1,-,PARP1,Sherer,Protien Drug,False
MC2050,P09874,homo sapien,PARP1,-,PARP1,Sherer,Protien Drug,False
"compound 5 [Tomassi <i>et al</i>. 2020]",P09874,homo sapien,PARP1,-,PARP1,Sherer,Protien Drug,False
AZ1366,P09874,homo sapien,PARP1,-,PARP1,Sherer,Protien Drug,False
example 26 [WO2015037939A1],P09874,homo sapien,PARP1,-,PARP1,Sherer,Protien Drug,False
PARP1,P09874,homo sapien,N,VeroE6,8,Sherer,Protien RNA,-
PCBD1,P61457,homo sapien,N,VeroE6,8,Sherer,Protien RNA,-
PDCD5,O14737,homo sapien,N,VeroE6,8,Sherer,Protien RNA,-
PFKP,Q01813,homo sapien,N,VeroE6,8,Sherer,Protien RNA,-
PKLR,P30613,homo sapien,N,VeroE6,8,Sherer,Protien RNA,-
PLS3,P13797,homo sapien,N,VeroE6,8,Sherer,Protien RNA,-
PMPCB,O75439,homo sapien,N,VeroE6,8,Sherer,Protien RNA,-
POLR1C,O15160,homo sapien,N,VeroE6,8,Sherer,Protien RNA,-
PRDX5,P30044,homo sapien,N,VeroE6,8,Sherer,Protien RNA,-
PRKAR2B,P31323,homo sapien,N,VeroE6,8,Sherer,Protien RNA,-
PRPF4B,Q13523,homo sapien,N,VeroE6,8,Sherer,Protien RNA,-
PSMC4,P43686,homo sapien,N,VeroE6,8,Sherer,Protien RNA,-
PSMC6,P62333,homo sapien,N,VeroE6,8,Sherer,Protien RNA,-
PUF60,Q9UHX1,homo sapien,N,VeroE6,8,Sherer,Protien RNA,-
RAB21,Q9UL25,homo sapien,N,VeroE6,8,Sherer,Protien RNA,-
RAB5C,P51148,homo sapien,N,VeroE6,8,Sherer,Protien RNA,-
RAB7A,P51149,homo sapien,N,VeroE6,8,Sherer,Protien RNA,-
RAB9A,P51151,homo sapien,N,VeroE6,8,Sherer,Protien RNA,-
RBM17,Q96I25,homo sapien,N,VeroE6,8,Sherer,Protien RNA,-
RBM39,Q14498,homo sapien,N,VeroE6,8,Sherer,Protien RNA,-
RPL22,P35268,homo sapien,N,VeroE6,8,Sherer,Protien RNA,-
RPL23,P62829,homo sapien,N,VeroE6,8,Sherer,Protien RNA,-
RPL30,P62888,homo sapien,N,VeroE6,8,Sherer,Protien RNA,-
RPL38,P63173,homo sapien,N,VeroE6,8,Sherer,Protien RNA,-
clofarabine,P31350,homo sapien,RRM2,-,RRM2,Sherer,Protien Drug,True
fludarabine,P31350,homo sapien,RRM2,-,RRM2,Sherer,Protien Drug,True
gemcitabine,P31350,homo sapien,RRM2,-,RRM2,Sherer,Protien Drug,True
hydroxyurea,P31350,homo sapien,RRM2,-,RRM2,Sherer,Protien Drug,True
RRM2,P31350,homo sapien,N,VeroE6,8,Sherer,Protien RNA,-
SBDS,Q9Y3A5,homo sapien,N,VeroE6,8,Sherer,Protien RNA,-
SCAMP1,O15126,homo sapien,N,VeroE6,8,Sherer,Protien RNA,-
SLC25A12,O75746,homo sapien,N,VeroE6,8,Sherer,Protien RNA,-
SLC25A13,Q9UJS0,homo sapien,N,VeroE6,8,Sherer,Protien RNA,-
SRSF6,Q13247,homo sapien,N,VeroE6,8,Sherer,Protien RNA,-
STRN4,Q9NRL3,homo sapien,N,VeroE6,8,Sherer,Protien RNA,-
STT3B,Q8TCJ2,homo sapien,N,VeroE6,8,Sherer,Protien RNA,-
TKT,P29401,homo sapien,N,VeroE6,8,Sherer,Protien RNA,-
TMED10,P49755,homo sapien,N,VeroE6,8,Sherer,Protien RNA,-
TOMM40,O96008,homo sapien,N,VeroE6,8,Sherer,Protien RNA,-
TP53BP2,Q13625,homo sapien,N,VeroE6,8,Sherer,Protien RNA,-
UBA52,P62987,homo sapien,N,VeroE6,8,Sherer,Protien RNA,-
UBR1,Q8IWV7,homo sapien,N,VeroE6,8,Sherer,Protien RNA,-
UQCRFS1,P47985,homo sapien,N,VeroE6,8,Sherer,Protien RNA,-
ZC3H15,Q8WU90,homo sapien,N,VeroE6,8,Sherer,Protien RNA,-
ACP1,P24666,homo sapien,N,VeroE6,24,Sherer,Protien RNA,-
ACSL1,P33121,homo sapien,N,VeroE6,24,Sherer,Protien RNA,-
ADSS2,P30520,homo sapien,N,VeroE6,24,Sherer,Protien RNA,-
AHNAK,Q09666,homo sapien,N,VeroE6,24,Sherer,Protien RNA,-
ANLN,Q9NQW6,homo sapien,N,VeroE6,24,Sherer,Protien RNA,-
API5,Q9BZZ5,homo sapien,N,VeroE6,24,Sherer,Protien RNA,-
APMAP,Q9HDC9,homo sapien,N,VeroE6,24,Sherer,Protien RNA,-
CCT2,P78371,homo sapien,N,VeroE6,24,Sherer,Protien RNA,-
CDK5RAP3,Q96JB5,homo sapien,N,VeroE6,24,Sherer,Protien RNA,-
COPS7A,Q9UBW8,homo sapien,N,VeroE6,24,Sherer,Protien RNA,-
CSNK1A1,P48729,homo sapien,N,VeroE6,24,Sherer,Protien RNA,-
CYBC1,Q9BQA9,homo sapien,N,VeroE6,24,Sherer,Protien RNA,-
pemetrexed,P00374,homo sapien,DHFR,-,DHFR,Sherer,Protien Drug,True
pralatrexate,P00374,homo sapien,DHFR,-,DHFR,Sherer,Protien Drug,True
trimetrexate,P00374,homo sapien,DHFR,-,DHFR,Sherer,Protien Drug,True
compound 9 [PMID: 15615544],P00374,homo sapien,DHFR,-,DHFR,Sherer,Protien Drug,False
iclaprim,P00374,homo sapien,DHFR,-,DHFR,Sherer,Protien Drug,False
diflunisal,P00374,homo sapien,DHFR,-,DHFR,Sherer,Protien Drug,True
methotrexate,P00374,homo sapien,DHFR,-,DHFR,Sherer,Protien Drug,True
DHFR,P00374,homo sapien,N,VeroE6,24,Sherer,Protien RNA,-
ECH1,Q13011,homo sapien,N,VeroE6,24,Sherer,Protien RNA,-
EEF1D,P29692,homo sapien,N,VeroE6,24,Sherer,Protien RNA,-
EIF3F,O00303,homo sapien,N,VeroE6,24,Sherer,Protien RNA,-
EIF4A1,P60842,homo sapien,N,VeroE6,24,Sherer,Protien RNA,-
FAU,P62861,homo sapien,N,VeroE6,24,Sherer,Protien RNA,-
FKBP9,O95302,homo sapien,N,VeroE6,24,Sherer,Protien RNA,-
FLNC,Q14315,homo sapien,N,VeroE6,24,Sherer,Protien RNA,-
GIT1,Q9Y2X7,homo sapien,N,VeroE6,24,Sherer,Protien RNA,-
GPI,P06744,homo sapien,N,VeroE6,24,Sherer,Protien RNA,-
GSN,P06396,homo sapien,N,VeroE6,24,Sherer,Protien RNA,-
HDLBP,Q00341,homo sapien,N,VeroE6,24,Sherer,Protien RNA,-
HERC1,Q15751,homo sapien,N,VeroE6,24,Sherer,Protien RNA,-
HSD17B10,Q99714,homo sapien,N,VeroE6,24,Sherer,Protien RNA,-
IARS2,Q9NSE4,homo sapien,N,VeroE6,24,Sherer,Protien RNA,-
IGF2BP2,Q9Y6M1,homo sapien,N,VeroE6,24,Sherer,Protien RNA,-
LIG1,P18858,homo sapien,N,VeroE6,24,Sherer,Protien RNA,-
LNPEP,Q9UIQ6,homo sapien,N,VeroE6,24,Sherer,Protien RNA,-
LSM6,P62312,homo sapien,N,VeroE6,24,Sherer,Protien RNA,-
MACROH2A1,O75367,homo sapien,N,VeroE6,24,Sherer,Protien RNA,-
MCM4,P33991,homo sapien,N,VeroE6,24,Sherer,Protien RNA,-
MDN1,Q9NU22,homo sapien,N,VeroE6,24,Sherer,Protien RNA,-
MOV10,Q9HCE1,homo sapien,N,VeroE6,24,Sherer,Protien RNA,-
MRPL17,Q9NRX2,homo sapien,N,VeroE6,24,Sherer,Protien RNA,-
MRPL50,Q8N5N7,homo sapien,N,VeroE6,24,Sherer,Protien RNA,-
MTHFD1,P11586,homo sapien,N,VeroE6,24,Sherer,Protien RNA,-
MVP,Q14764,homo sapien,N,VeroE6,24,Sherer,Protien RNA,-
NOP56,O00567,homo sapien,N,VeroE6,24,Sherer,Protien RNA,-
NUP98,P52948,homo sapien,N,VeroE6,24,Sherer,Protien RNA,-
AG14361,P09874,homo sapien,PARP1,-,PARP1,Sherer,Protien Drug,False
rucaparib,P09874,homo sapien,PARP1,-,PARP1,Sherer,Protien Drug,True
olaparib,P09874,homo sapien,PARP1,-,PARP1,Sherer,Protien Drug,True
niraparib,P09874,homo sapien,PARP1,-,PARP1,Sherer,Protien Drug,True
ME0328,P09874,homo sapien,PARP1,-,PARP1,Sherer,Protien Drug,False
compound 10b [PMID: 26222319],P09874,homo sapien,PARP1,-,PARP1,Sherer,Protien Drug,False
talazoparib,P09874,homo sapien,PARP1,-,PARP1,Sherer,Protien Drug,True
MC2050,P09874,homo sapien,PARP1,-,PARP1,Sherer,Protien Drug,False
MC2050,P09874,homo sapien,PARP1,-,PARP1,Sherer,Protien Drug,False
compound 5 [Tomassi <i>et al</i>. 2020],P09874,homo sapien,PARP1,-,PARP1,Sherer,Protien Drug,False
AZ1366,P09874,homo sapien,PARP1,-,PARP1,Sherer,Protien Drug,False
example 26 [WO2015037939A1],P09874,homo sapien,PARP1,-,PARP1,Sherer,Protien Drug,False
PARP1,P09874,homo sapien,N,VeroE6,24,Sherer,Protien RNA,-
PKLR,P30613,homo sapien,N,VeroE6,24,Sherer,Protien RNA,-
PPAN,Q9NQ55,homo sapien,N,VeroE6,24,Sherer,Protien RNA,-
PRRC2A,P48634,homo sapien,N,VeroE6,24,Sherer,Protien RNA,-
PSAT1,Q9Y617,homo sapien,N,VeroE6,24,Sherer,Protien RNA,-
PSMB4,P28070,homo sapien,N,VeroE6,24,Sherer,Protien RNA,-
PSMD5,Q16401,homo sapien,N,VeroE6,24,Sherer,Protien RNA,-
GSK690693,P63000,homo sapien,RAC1,-,RAC1,Sherer,Protien Drug,False
PF-3758309,P63000,homo sapien,RAC1,-,RAC1,Sherer,Protien Drug,False
compound 4 [PMID: 24432870],P63000,homo sapien,RAC1,-,RAC1,Sherer,Protien Drug,False
RAC1,P63000,homo sapien,N,VeroE6,24,Sherer,Protien RNA,-
RNH1,P13489,homo sapien,N,VeroE6,24,Sherer,Protien RNA,-
RPS26,P62854,homo sapien,N,VeroE6,24,Sherer,Protien RNA,-
SERBP1,Q8NC51,homo sapien,N,VeroE6,24,Sherer,Protien RNA,-
SLC25A13,Q9UJS0,homo sapien,N,VeroE6,24,Sherer,Protien RNA,-
SNRNP200,O75643,homo sapien,N,VeroE6,24,Sherer,Protien RNA,-
SUCLA2,Q9P2R7,homo sapien,N,VeroE6,24,Sherer,Protien RNA,-
TRAPPC3,O43617,homo sapien,N,VeroE6,24,Sherer,Protien RNA,-
WDR36,Q8NI36,homo sapien,N,VeroE6,24,Sherer,Protien RNA,-
YTHDF2,Q9Y5A9,homo sapien,N,VeroE6,24,Sherer,Protien RNA,-
